State,MSN,2013.9999999999995,2014.9999999999995,2015.9999999999995,2016.9999999999995,2017.9999999999995,2018.9999999999995,2019.9999999999995
AK,Biomass,4237.9140461215793,4222.7715265866063,4207.6290070516334,4192.4864875166604,4177.3439679816875,4162.2014484467145,4147.0589289117415
AK,Coal,14090.36198462607,14147.054608982842,14203.747233339614,14260.439857696401,14317.132482053174,14373.825106409946,14430.517730766718
AK,Ethenol,1117.3948287910534,1145.8206340130855,1174.2464392351176,1202.6722444571496,1231.0980496791817,1259.5238549012138,1287.9496601232458
AK,Geothermal,129.33263452131359,132.47671685407568,135.62079918683685,138.76488151959893,141.9089638523601,145.05304618512218,148.19712851788336
AK,Hydropower,15498.211740041792,15756.174995235284,16014.138250428718,16272.101505622151,16530.064760815585,16788.028016009077,17045.991271202511
AK,Natural Gas,488525.16352201253,497777.91492281109,507030.66632361338,516283.41772441193,525536.16912521422,534788.9205260165,544041.67192681506
AK,Nuclear Energy,0.0,0.0,0.0,0.0,0.0,0.0,0.0
AK,Petroleum,332936.79385045543,338128.55066387355,343320.30747728981,348512.06429070793,353703.82110412419,358895.57791754231,364087.33473095857
AK,Solar,2.6505939902166062,2.7180229972682639,2.7854520043198931,2.8528810113715508,2.9203100184232085,2.9877390254748377,3.0551680325264954
AK,Total Consumption,854322.65897973254,869038.2337843813,883753.80858903378,898469.38339368254,913184.95819833502,927900.53300298378,942616.10780763626
AK,Wood and Waste,3120.4367575122451,3076.8661076170683,3033.2954577218916,2989.7248078267148,2946.1541579315235,2902.5835080363468,2859.01285814117
AK,Wind,151.6030747728837,155.70850644812526,159.81393812336864,163.91936979861202,168.0248014738554,172.13023314909879,176.23566482434035
AL,Biomass,224314.51013277285,227723.81891874596,231133.12770471908,234542.4364906922,237951.74527666532,241361.05406263843,244770.36284861062
AL,Coal,850503.32285115123,856660.94873260707,862818.57461406291,868976.20049551874,875133.82637697458,881291.45225843042,887449.07813988626
AL,Ethenol,8095.8022361983894,8300.6866272790357,8505.5710183596238,8710.4554094402702,8915.3398005208583,9120.2241916015046,9325.1085826821509
AL,Geothermal,95.013277428371111,97.394905025093976,99.776532621815932,102.15816021853789,104.53978781525984,106.9214154119818,109.30304300870375
AL,Hydropower,96581.840670859179,96712.917705355067,96843.994739850954,96975.071774346841,97106.148808842729,97237.225843338674,97368.302877834562
AL,Natural Gas,463233.95527603105,468580.48563623615,473927.01599644311,479273.54635664821,484620.07671685331,489966.60707706027,495313.13743726537
AL,Nuclear Energy,427537.36058699712,436100.27066894993,444663.18075090274,453226.09083285183,461789.00091480464,470351.91099675745,478914.82107870653
AL,Petroleum,627543.96995108016,633586.40185502544,639628.83375897072,645671.265662916,651713.69756686129,657756.12947080657,663798.56137475185
AL,Solar,136.83368273934229,139.83032844164882,142.82697414395534,145.82361984626095,148.82026554856748,151.81691125087309,154.81355695317961
AL,Total Consumption,2914261.2208245769,2947325.7897973284,2980390.3587700725,3013454.9277428165,3046519.496715568,3079584.0656883121,3112648.6346610636
AL,Wood and Waste,216218.61215932854,219423.03441966791,222627.45668000635,225831.87894034572,229036.30120068509,232240.72346102446,235445.14572136384
AL,Wind,0.0,0.0,0.0,0.0,0.0,0.0,0.0
AR,Biomass,98428.396925226785,99731.503614763729,101034.61030430067,102337.71699383715,103640.8236833741,104943.93037291104,106247.03706244798
AR,Coal,346460.52480782382,353700.36342036352,360940.20203290507,368180.04064544477,375419.87925798632,382659.71787052602,389899.55648306757
AR,Ethenol,4046.0859538783843,4153.4587764436437,4260.8315990089322,4368.2044215741917,4475.5772441394802,4582.9500667047687,4690.3228892700281
AR,Geothermal,493.37875611460549,505.71037418207561,518.04199224954209,530.37361031700857,542.70522838447505,555.03684645194517,567.36846451941165
AR,Hydropower,36532.44863731612,36861.448789784219,37190.448942252318,37519.449094720418,37848.449247188517,38177.449399656616,38506.449552124599
AR,Natural Gas,240826.28721173969,240239.92391842906,239653.56062511867,239067.19733180827,238480.83403849765,237894.47074518725,237308.10745187663
AR,Nuclear Energy,188926.8574423464,192647.27448065393,196367.69151896145,200088.10855726898,203808.5255955765,207528.94263388403,211249.35967219155
AR,Petroleum,371869.37596086506,374623.75461533386,377378.1332698036,380132.5119242724,382886.89057874214,385641.26923321094,388395.64788767975
AR,Solar,654.68623340320846,666.94081697477304,679.19540054633762,691.4499841179022,703.70456768946678,715.95915126103137,728.21373483259595
AR,Total Consumption,1382620.3081760928,1398708.3779683523,1414796.4477606155,1430884.5175528787,1446972.5873451419,1463060.6571374051,1479148.7269296646
AR,Wood and Waste,94382.266247379128,95577.999161425512,96773.732075471431,97969.464989517815,99165.197903563734,100360.93081761012,101556.66373165604
AR,Wind,0.0,0.0,0.0,0.0,0.0,0.0,0.0
AZ,Biomass,26077.663871418335,26514.88666539581,26952.109459373401,27389.332253350876,27826.555047328351,28263.777841305942,28701.000635283417
AZ,Coal,540899.88609363511,551258.66242296621,561617.43875229731,571976.21508162841,582334.99141095951,592693.76774029061,603052.54406962171
AZ,Ethenol,11524.491963661509,11822.710526649957,12120.929089638288,12419.14765262662,12717.366215615068,13015.584778603399,13313.803341591847
AZ,Geothermal,354.59119496855055,362.80461215932883,371.01802935010346,379.2314465408781,387.44486373165637,395.658280922431,403.87169811320564
AZ,Hydropower,91229.525506638456,91752.850339876488,92276.17517311452,92799.500006352551,93322.824839590583,93846.149672828615,94369.474506066646
AZ,Natural Gas,285565.33962264098,288535.11762912106,291504.89563560113,294474.67364208121,297444.45164856128,300414.22965504136,303384.0076615205
AZ,Nuclear Energy,370426.35779175535,378771.19773839042,387116.03768502921,395460.87763166428,403805.71757829934,412150.55752493814,420495.3974715732
AZ,Petroleum,591075.37246680632,599539.74224001169,608004.11201321334,616468.48178641871,624932.85155962408,633397.22133282572,641861.59110603109
AZ,Solar,8642.4332634520833,8856.4900959277875,9070.5469284034916,9284.6037608791958,9498.6605933548999,9712.717425830604,9926.7742583063082
AZ,Total Consumption,1940244.1194968522,1971999.8147512823,2003755.51000572,2035511.2052601501,2067266.9005145803,2099022.5957690105,2130778.2910234407
AZ,Wood and Waste,13484.832983927248,13595.735328123934,13706.637672320619,13817.540016517305,13928.442360713991,14039.344704910676,14150.247049107362
AZ,Wind,963.62473794547986,989.61715265865496,1015.6095673718228,1041.6019820849906,1067.5943967981584,1093.5868115113335,1119.5792262245013
CA,Biomass,252586.83438155148,255721.2000762336,258855.56577091664,261989.93146559969,265124.2971602818,268258.66285496484,271393.02854964696
CA,Coal,68581.974842766882,68820.775948160444,69059.577053554007,69298.378158947569,69537.179264341132,69775.980369734636,70014.781475128199
CA,Ethenol,69807.344514324795,71594.425055586733,73381.505596848205,75168.586138110142,76955.666679371614,78742.747220633551,80529.827761895023
CA,Geothermal,169936.45842068363,173186.16869322024,176435.87896575686,179685.5892382944,182935.29951083101,186185.00978336763,189434.72005590424
CA,Hydropower,360413.35849056439,361120.94526395877,361828.53203735291,362536.11881074728,363243.70558414143,363951.2923575358,364658.87913093017
CA,Natural Gas,2461158.2341020107,2475157.7968235686,2489157.3595451228,2503156.922266677,2517156.4849882312,2531156.0477097891,2545155.6104313433
CA,Nuclear Energy,425710.84486372955,434118.82912139781,442526.81337906979,450934.79763674177,459342.78189441375,467750.76615208574,476158.75040975399
CA,Petroleum,3946473.8155136257,3976577.3886030093,4006680.9616923928,4036784.5347817764,4066888.1078711599,4096991.6809605435,4127095.254049927
CA,Solar,44947.371767994482,46031.683603328653,47115.995438663289,48200.307273997925,49284.619109332096,50368.930944666732,51453.242780001368
CA,Total Consumption,8041164.6422082037,8106635.9254938811,8172107.2087795734,8237578.4920652658,8303049.7753509432,8368521.0586366355,8433992.3419223279
CA,Wood and Waste,179252.2886093636,180507.91997967055,181763.55134997703,183019.18272028398,184274.81409059092,185530.44546089787,186786.07683120435
CA,Wind,62296.116701607592,63798.792325773742,65301.467949939892,66804.143574106041,68306.819198272191,69809.494822438341,71312.17044660449
CO,Biomass,23483.475192173268,23819.468902865192,24155.462613557,24491.456324248808,24827.450034940615,25163.443745632423,25499.437456324231
CO,Coal,455658.60866526514,462596.00790292397,469533.40714058466,476470.80637824349,483408.20561590232,490345.60485356301,497283.00409122184
CO,Ethenol,8442.0761705101468,8649.0257416936802,8855.9753128772136,9062.9248840608052,9269.8744552443386,9476.824026427872,9683.7735976114054
CO,Geothermal,716.11809923130204,732.93788196428795,749.75766469728114,766.57744743027433,783.39723016326025,800.21701289625344,817.03679562923935
CO,Hydropower,18529.983927323483,18643.307921987085,18756.631916650716,18869.955911314319,18983.27990597795,19096.603900641552,19209.927895305183
CO,Natural Gas,466088.88609363884,471737.04222095013,477385.19834826142,483033.35447557084,488681.51060288213,494329.66673019342,499977.82285750471
CO,Nuclear Energy,581.92452830188267,564.96218791689898,547.99984753191529,531.0375071469316,514.07516676195519,497.1128263769715,480.15048599198781
CO,Petroleum,511856.65269042365,517666.41918556392,523476.18568070419,529285.9521758426,535095.71867098287,540905.48516612314,546715.25166126341
CO,Solar,1610.0887491265021,1652.3296868051839,1694.5706244838511,1736.8115621625329,1779.0524998412002,1821.293437519882,1863.5343751985492
CO,Total Consumption,1519651.6380153671,1539344.0928657576,1559036.5477161482,1578729.0025665388,1598421.4574169293,1618113.9122673199,1637806.3671177104
CO,Wood and Waste,11606.985324947556,11646.103983228488,11685.222641509405,11724.341299790322,11763.459958071253,11802.57861635217,11841.697274633087
CO,Wind,21076.838574423222,21636.487249856815,22196.135925290408,22755.784600724,23315.433276157593,23875.081951591186,24434.730627024779
CT,Biomass,41484.33193570911,41964.961514516035,42445.591093322961,42926.220672129886,43406.850250936812,43887.479829743737,44368.109408550663
CT,Coal,9146.5918937809765,8059.4006225788034,6972.2093513761647,5885.018080173526,4797.8268089708872,3710.6355377682485,2623.4442665656097
CT,Ethenol,7434.2124388539232,7626.5568642398575,7818.9012896257918,8011.2457150117261,8203.5901403976604,8395.9345657835947,8588.278991169529
CT,Geothermal,11.14255765199141,11.430569849437575,11.718582046883739,12.006594244329904,12.294606441776068,12.582618639222233,12.870630836668397
CT,Hydropower,4731.5688329839249,4752.6817737119636,4773.7947144400023,4794.9076551680337,4816.0205958960723,4837.1335366241037,4858.2464773521424
CT,Natural Gas,206688.30048916768,210249.11276284792,213809.92503652815,217370.73731020838,220931.54958388861,224492.36185756885,228053.17413124908
CT,Nuclear Energy,209574.84626135509,212803.44538466353,216032.04450797196,219260.6436312804,222489.24275458977,225717.8418778982,228946.44100120664
CT,Petroleum,382859.59468902741,380666.1644622311,378472.73423543479,376279.30400863849,374085.87378184218,371892.44355504587,369699.01332824957
CT,Solar,1092.6834381551307,1120.827482370878,1148.971526586618,1177.115570802358,1205.2596150181053,1233.4036592338452,1261.5477034495925
CT,Total Consumption,897073.24598182645,901592.83607140277,906112.42616097722,910632.01625055168,915151.60634012613,919671.19642970245,924190.78651927691
CT,Wood and Waste,34049.973445142969,34338.254634394078,34626.53582364507,34914.817012896063,35203.098202147055,35491.379391398048,35779.660580649041
CT,Wind,0.0,0.0,0.0,0.0,0.0,0.0,0.0
DC,Biomass,1586.4675052410821,1605.5511720983341,1624.634838955586,1643.718505812838,1662.8021726700899,1681.8858395273419,1700.9695063845938
DC,Coal,-6586.5981830883538,-7077.5909789716825,-7568.5837748550111,-8059.5765707384562,-8550.5693666217849,-9041.5621625051135,-9532.5549583885586
DC,Ethenol,413.40810621942001,424.28826631090124,435.16842640238247,446.0485864938637,456.92874658534492,467.80890667682615,478.68906676830738
DC,Geothermal,7.7428371767993553,7.9509942189186518,8.1591512610379482,8.3673083031572446,8.575465345276541,8.7836223873958943,8.9917794295151907
DC,Hydropower,-10.900768693220925,-11.566520551425583,-12.232272409630241,-12.898024267834899,-13.563776126039784,-14.229527984244442,-14.895279842449099
DC,Natural Gas,37246.586303284275,37561.32748872356,37876.068674162845,38190.80985960213,38505.551045041415,38820.292230480816,39135.033415920101
DC,Nuclear Energy,0.0,0.0,0.0,0.0,0.0,0.0,0.0
DC,Petroleum,9875.8700209651142,8262.3178197070956,6648.765618449077,5035.2134171910584,3421.6612159335054,1808.1090146754868,194.55681341746822
DC,Solar,61.526205450733414,63.181703830760398,64.837202210786927,66.492700590813456,68.14819897084044,69.803697350866969,71.459195730893953
DC,Total Consumption,195429.46680642874,196195.20970713394,196960.9526078389,197726.6955085441,198492.4384092493,199258.1813099545,200023.92421065969
DC,Wood and Waste,1173.1243885394761,1181.3302585604397,1189.536128581407,1197.7419986023706,1205.9478686233342,1214.1537386442978,1222.3596086652615
DC,Wind,0.0,0.0,0.0,0.0,0.0,0.0,0.0
DE,Biomass,2536.6128581411322,2464.6728543294303,2392.7328505177284,2320.7928467060265,2248.8528428943246,2176.9128390826227,2104.9728352709208
DE,Coal,51435.874912647996,51775.318175464869,52114.761438281741,52454.204701098613,52793.647963915486,53133.091226732242,53472.534489549114
DE,Ethenol,1849.3969252271199,1898.0066450670274,1946.6163649069349,1995.2260847468424,2043.8358045867499,2092.4455244266574,2141.0552442665794
DE,Geothermal,255.89098532494791,262.30116256908696,268.711339813226,275.12151705736687,281.53169430150592,287.94187154564497,294.35204878978584
DE,Hydropower,-0.060796645702307472,-0.065027634838957127,-0.069258623975606781,-0.073489613112256436,-0.07772060224890609,-0.081951591385555744,-0.086182580522205399
DE,Natural Gas,68608.185185184237,69702.813468012959,70797.441750841215,71892.070033669472,72986.698316497728,74081.326599325985,75175.954882154241
DE,Nuclear Energy,0.0,0.0,0.0,0.0,0.0,0.0,0.0
DE,Petroleum,119430.91684136982,118729.09496220062,118027.27308303164,117325.45120386267,116623.62932469347,115921.80744552449,115219.98556635529
DE,Solar,186.94689028651192,191.87088495012904,196.79487961374616,201.71887427736328,206.64286894098041,211.56686360459753,216.49085826821465
DE,Total Consumption,245001.72257162735,245601.71113652166,246201.69970141572,246801.68826631003,247401.67683120433,248001.6653960984,248601.6539609927
DE,Wood and Waste,687.2753319356998,566.72709484782536,446.17885775998002,325.63062067210558,205.08238358426024,84.534146496385802,-36.014090591459535
DE,Wind,10.683438155136173,10.970916714312807,11.258395273489441,11.545873832666189,11.833352391842823,12.120830951019457,12.408309510196204
FL,Biomass,235760.68553459086,239905.54884696007,244050.41215932928,248195.27547169849,252340.13878406677,256485.00209643599,260629.8654088052
FL,Coal,835980.79524807259,851343.21137157455,866705.62749507278,882068.04361857101,897430.45974207297,912792.8758655712,928155.29198906943
FL,Ethenol,26057.577218727907,26739.09248459409,27420.607750460273,28102.123016326455,28783.638282192638,29465.153548058821,30146.668813925236
FL,Geothermal,6107.6058700208669,6260.383457213582,6413.1610444062389,6565.9386315989541,6718.716218791611,6871.4938059843262,7024.2713931769831
FL,Hydropower,1802.1572327044123,1782.0861825805332,1762.0151324566541,1741.944082332775,1721.8730322088959,1701.8019820850095,1681.7309319611304
FL,Natural Gas,957302.28791055083,974428.09972682595,991553.91154310852,1008679.7233593836,1025805.5351756588,1042931.3469919339,1060057.158808209
FL,Nuclear Energy,377335.64290705696,384372.81847404875,391409.99404103868,398447.16960803047,405484.3451750204,412521.52074201219,419558.69630900212
FL,Petroleum,2050206.1299790218,2071570.6660186648,2092935.2020583078,2114299.7380979508,2135664.2741375938,2157028.8101772368,2178393.3462168723
FL,Solar,39464.141858839663,40376.117387713399,41288.092916586902,42200.068445460638,43112.043974334374,44024.019503207877,44935.995032081613
FL,Total Consumption,4739720.1006289423,4809944.4477225244,4880168.7948161066,4950393.1419096589,5020617.4890032411,5090841.8360968232,5161066.1831904054
FL,Wood and Waste,209703.07686932012,213166.4237723127,216629.77067530435,220093.11757829692,223556.4644812895,227019.81138428114,230483.15828727372
FL,Wind,0.0,0.0,0.0,0.0,0.0,0.0,0.0
GA,Biomass,230337.51921733003,233673.34281176515,237009.16640620027,240344.99000063539,243680.81359506957,247016.63718950469,250352.46078393981
GA,Coal,927379.78616351262,941769.36020582542,956158.93424813449,970548.50829044357,984938.08233275265,999327.65637506545,1013717.2304173745
GA,Ethenol,14992.763102725148,15389.916104440461,15787.069106155657,16184.22210787097,16581.375109586283,16978.528111301479,17375.681113016792
GA,Geothermal,199.48916841369464,204.47193952099406,209.45471062829347,214.43748173559288,219.4202528428923,224.40302395019171,229.38579505749112
GA,Hydropower,34312.10971348692,34261.515049869617,34210.920386252299,34160.325722634996,34109.731059017678,34059.136395400375,34008.541731783058
GA,Natural Gas,491981.98252970167,497206.2128708493,502430.44321199693,507654.67355314456,512878.90389429033,518103.13423543796,523327.36457658559
GA,Nuclear Energy,415706.92802236229,424642.49981576949,433578.0716091767,442513.64340258017,451449.21519598737,460384.78698939085,469320.35878279805
GA,Petroleum,1148638.7344514281,1162512.1766469702,1176385.6188425086,1190259.0610380508,1204132.5032335892,1218005.9454291314,1231879.3876246698
GA,Solar,448.72466806428929,459.87492535417186,471.0251826440508,482.17543993392974,493.32569722381231,504.47595451369125,515.62621180357019
GA,Total Consumption,3477589.8364779651,3526603.2083094865,3575616.5801410079,3624629.9519725293,3673643.3238040507,3722656.695635587,3771670.0674671084
GA,Wood and Waste,213591.79944095016,216483.83793913946,219375.87643732876,222267.91493551806,225159.95343370829,228051.99193189759,230944.03043008689
GA,Wind,0.0,0.0,0.0,0.0,0.0,0.0,0.0
HI,Biomass,18420.764500349062,18738.548529318068,19056.332558286958,19374.116587255965,19691.900616224855,20009.684645193745,20327.468674162752
HI,Coal,20338.090146750445,20812.299485420226,21286.508824089891,21760.718162759673,22234.927501429338,22709.13684009912,23183.346178768785
HI,Ethenol,1543.9091544374533,1584.5287465853471,1625.148338733241,1665.7679308811348,1706.3875230290287,1747.0071151769225,1787.6267073248164
HI,Geothermal,2412.2564640111668,2469.0449145543389,2525.8333650974964,2582.6218156406685,2639.4102661838406,2696.1987167270127,2752.9871672701702
HI,Hydropower,1021.1858839971992,1025.4620036846391,1029.7381233720789,1034.0142430595188,1038.2903627469605,1042.5664824344003,1046.8426021218402
HI,Natural Gas,3815.4640111809131,3889.3751604090503,3963.2863096371875,4037.1974588653247,4111.1086080934328,4185.0197573215701,4258.9309065497073
HI,Nuclear Energy,0.0,0.0,0.0,0.0,0.0,0.0,0.0
HI,Petroleum,291192.17190775555,293667.09331046138,296142.01471316814,298616.93611587398,301091.85751858074,303566.77892128658,306041.70032399334
HI,Solar,3101.7064989517676,3178.9826948732371,3256.2588907947356,3333.5350867162051,3410.8112826376746,3488.0874785591732,3565.3636744806427
HI,Total Consumption,360349.98742138315,364189.12231751345,368028.25721364468,371867.39210977592,375706.52700590715,379545.66190203838,383384.79679816961
HI,Wood and Waste,16876.584206848172,17153.741477669682,17430.898748491076,17708.056019312469,17985.213290133863,18262.370560955373,18539.527831776766
HI,Wind,1627.8546470999136,1670.0459945365437,1712.2373419731739,1754.4286894098041,1796.6200368464342,1838.8113842830644,1881.0027317196946
IA,Biomass,162188.12159329094,165689.88763102703,169191.65366876312,172693.41970649827,176195.18574423436,179696.95178197045,183198.71781970654
IA,Coal,509910.00419287197,518069.89525443129,526229.78631599061,534389.67737754993,542549.56843910925,550709.45950066857,558869.35056222789
IA,Ethenol,9938.3871418587514,10162.743307286641,10387.09947271453,10611.455638142361,10835.81180357025,11060.167968998081,11284.52413442597
IA,Geothermal,787.31097134870652,807.18827266374137,827.0655739787835,846.94287529381836,866.82017660885322,886.69747792389535,906.5747792389302
IA,Hydropower,8933.3990216631755,8926.128009656315,8918.8569976494546,8911.5859856425923,8904.3149736357318,8897.0439616288713,8889.772949622009
IA,Natural Gas,265358.40600978263,265329.80326535722,265301.20052093186,265272.59777650645,265243.99503208103,265215.39228765562,265186.7895432302
IA,Nuclear Energy,59138.915443745442,60285.094860555138,61431.274277364369,62577.453694174066,63723.633110983763,64869.81252779346,66015.991944603156
IA,Petroleum,418337.42138364725,420373.25084810331,422409.08031255892,424444.90977701498,426480.73924147058,428516.56870592665,430552.39817038272
IA,Solar,36.743535988818849,37.682358172924069,38.621180357029289,39.560002541134509,40.498824725239729,41.437646909344949,42.376469093450169
IA,Total Consumption,1525732.9182389863,1542585.1758719198,1559437.4335048534,1576289.691137787,1593141.9487707205,1609994.2064036541,1626846.4640365876
IA,Wood and Waste,43635.786862333771,44179.113792007789,44722.440721681807,45265.767651356058,45809.094581030076,46352.421510704095,46895.748440378346
IA,Wind,47468.42208246002,48724.388272664044,49980.354462868068,51236.320653071627,52492.286843275651,53748.253033479676,55004.2192236837
ID,Biomass,34295.82809224329,34797.64406327426,35299.460034305346,35801.276005336433,36303.091976367519,36804.907947398606,37306.723918429692
ID,Coal,7312.2760307478311,7182.1917921353015,7052.1075535227428,6922.0233149101841,6791.9390762976836,6661.8548376851249,6531.7705990725663
ID,Ethenol,1884.4465408804826,1932.8587383266422,1981.2709357728017,2029.6831332189613,2078.0953306651209,2126.5075281112804,2174.91972555744
ID,Geothermal,1746.4500349406007,1789.0387904199306,1831.6275458992459,1874.2163013785612,1916.805056857891,1959.3938123372063,2001.9825678165362
ID,Hydropower,112370.95737246657,113029.96457658336,113688.97178069991,114347.9789848167,115006.98618893325,115665.99339304981,116325.0005971666
ID,Natural Gas,87164.093640809879,88261.15630518971,89358.218969569076,90455.281633948907,91552.344298328273,92649.406962708104,93746.469627087936
ID,Nuclear Energy,0.0,0.0,0.0,0.0,0.0,0.0,0.0
ID,Petroleum,167792.63591893716,169334.48463248787,170876.33334603813,172418.18205958884,173960.03077313956,175501.87948669028,177043.72820024053
ID,Solar,22.424877707896712,23.010698176736014,23.596518645575316,24.182339114414617,24.768159583253919,25.353980052093448,25.939800520932749
ID,Total Consumption,448523.47030048724,452835.32309255842,457147.1758846296,461459.02867670078,465770.88146877382,470082.734260845,474394.58705291618
ID,Wood and Waste,31186.496855345787,31609.545225843205,32032.593596340623,32455.64196683804,32878.690337335458,33301.738707832876,33724.78707833041
ID,Wind,4747.8609364080476,4875.4282701225602,5002.9956038370728,5130.5629375515564,5258.130271266069,5385.6976049805817,5513.2649386950943
IL,Biomass,144532.5373864416,146614.00675941678,148695.47613239149,150776.94550536713,152858.41487834183,154939.88425131654,157021.35362429218
IL,Coal,969770.56813417096,971853.24535925128,973935.92258433253,976018.59980941378,978101.27703449503,980183.95425957534,982266.63148465659
IL,Ethenol,35876.393431166885,36718.351845498895,37560.310259830905,38402.268674162915,39244.227088494925,40086.185502826935,40928.143917158945
IL,Geothermal,1220.477288609356,1251.0145098786525,1281.5517311479489,1312.0889524172453,1342.6261736865417,1373.1633949558382,1403.7006162251346
IL,Hydropower,1155.8078266946213,1145.3920843656706,1134.9763420367235,1124.5605997077728,1114.1448573788221,1103.7291150498713,1093.3133727209206
IL,Natural Gas,1064812.3654786809,1066973.4286004645,1069134.491722248,1071295.5548440316,1073456.6179658161,1075617.6810875996,1077778.7442093831
IL,Nuclear Energy,1157938.4612159356,1181208.1870783344,1204477.9129407331,1227747.6388031319,1251017.3646655306,1274287.0905279294,1297556.8163903281
IL,Petroleum,1222913.0377358468,1220248.3340575546,1217583.6303792624,1214918.9267009692,1212254.223022677,1209589.5193443848,1206924.8156660926
IL,Solar,1200.012578616348,1231.1423289498707,1262.2720792834007,1293.4018296169234,1324.531579950446,1355.6613302839687,1386.7910806174987
IL,Total Consumption,4674730.9972047284,4703120.9755542651,4731510.9539037943,4759900.9322533309,4788290.9106028602,4816680.8889523968,4845070.867301926
IL,Wood and Waste,52093.030048916626,52038.291074264431,51983.552099612236,51928.813124960056,51874.074150307861,51819.335175655666,51764.596201003471
IL,Wind,23218.3060796645,23839.581856298726,24460.857632932952,25082.133409567177,25703.409186201636,26324.684962835861,26945.960739470087
IN,Biomass,81277.358490565326,82448.951324565802,83620.544158566277,84792.136992566288,85963.729826566763,87135.322660567239,88306.915494567715
IN,Coal,1589367.4807826616,1603033.9844609536,1616700.4881392457,1630366.9918175377,1644033.4954958335,1657699.9991741255,1671366.5028524175
IN,Ethenol,17947.104122990859,18373.530804904294,18799.957486817846,19226.384168731282,19652.810850644833,20079.237532558269,20505.664214471704
IN,Geothermal,2795.8050314465363,2865.9595578425506,2936.1140842385939,3006.2686106346373,3076.4231370306807,3146.577663426724,3216.7321898227383
IN,Hydropower,5351.4821802934457,5393.152239374831,5434.8222984562162,5476.4923575375869,5518.1624166189722,5559.8324757003429,5601.5025347817282
IN,Natural Gas,608324.84486372955,612741.47962645069,617158.11438917182,621574.74915189296,625991.38391461596,630408.0186773371,634824.65344005823
IN,Nuclear Energy,0.0,0.0,0.0,0.0,0.0,0.0,0.0
IN,Petroleum,863085.30398322642,866296.63826948497,869507.97255574353,872719.30684200302,875930.64112826157,879141.97541452013,882353.30970077869
IN,Solar,164.67994409503808,168.94035957054803,173.20077504605797,177.46119052156791,181.72160599707786,185.9820214725878,190.24243694809775
IN,Total Consumption,3218491.3752620518,3241925.2616352215,3265359.1480083838,3288793.0343815535,3312226.9207547158,3335660.8071278855,3359094.6935010478
IN,Wood and Waste,40298.396925227018,40458.984422844718,40619.57192046236,40780.15941808006,40940.74691569776,41101.334413315461,41261.921910933102
IN,Wind,9878.9189378055744,10143.640569214011,10408.36220062233,10673.083832030767,10937.805463439203,11202.527094847639,11467.248726256075
KS,Biomass,28484.613556952914,29031.594117273111,29578.574677593308,30125.555237913504,30672.535798233701,31219.516358553898,31766.496918874094
KS,Coal,443521.84835778922,452072.18493106961,460622.52150435001,469172.8580776304,477723.19465091079,486273.53122419119,494823.86779747158
KS,Ethenol,4852.361984626099,4972.9131948414724,5093.4644050568459,5214.0156152721902,5334.5668254875636,5455.1180357029079,5575.6692459182814
KS,Geothermal,617.81062194269543,633.37208563623426,648.93354932977309,664.49501302331191,680.05647671685074,695.6179404103932,711.17940410393203
KS,Hydropower,117.82809224318771,118.23396226415218,118.63983228511654,119.04570230608101,119.45157232704537,119.85744234800973,120.2633123689742
KS,Natural Gas,261698.47449335828,257033.39208436385,252368.30967536755,247703.22726637125,243038.14485737681,238373.06244838051,233707.98003938422
KS,Nuclear Energy,117774.32634521276,120333.92070389353,122893.51506257523,125453.109421256,128012.7037799377,130572.29813861847,133131.89249730017
KS,Petroleum,426890.41998602357,429235.70529191196,431580.99059780128,433926.27590369061,436271.56120957993,438616.84651546832,440962.13182135765
KS,Solar,43.320055904961009,44.308125277936142,45.296194650911048,46.28426402388618,47.272333396861313,48.260402769836219,49.248472142811352
KS,Total Consumption,1314325.6317260675,1324421.3045295738,1334516.97733308,1344612.6501365863,1354708.3229400925,1364803.9957436025,1374899.6685471088
KS,Wood and Waste,10197.044723969215,10282.843656692683,10368.642589416151,10454.441522139619,10540.240454863058,10626.039387586527,10711.838320309995
KS,Wind,20127.583508036099,20662.836376341758,21198.08924464765,21733.342112953309,22268.594981258968,22803.847849564627,23339.100717870286
KY,Biomass,37638.227113906294,37931.095305253752,38223.963496601209,38516.831687948667,38809.699879296124,39102.568070643465,39395.436261990923
KY,Coal,1115421.7267644927,1129411.3558858968,1143400.9850072972,1157390.6141287014,1171380.2432501055,1185369.8723715059,1199359.5014929101
KY,Ethenol,10533.382250174589,10789.518709103519,11045.655168032448,11301.791626961378,11557.928085890249,11814.064544819179,12070.201003748109
KY,Geothermal,1635.3501048217877,1676.5062702496652,1717.6624356775283,1758.8186011053913,1799.9747665332543,1841.1309319611173,1882.2870973889803
KY,Hydropower,31295.8560447239,31268.187510323289,31240.518975922678,31212.850441522067,31185.181907121456,31157.513372720845,31129.844838320227
KY,Natural Gas,235584.68832983868,236433.65410075546,237282.61987167224,238131.58564258879,238980.55141350557,239829.51718442235,240678.48295533913
KY,Nuclear Energy,0.0,0.0,0.0,0.0,0.0,0.0,0.0
KY,Petroleum,719810.52480782196,728394.89675369486,736979.26869957149,745563.64064544439,754148.0125913173,762732.3845371902,771316.75648306683
KY,Solar,59.865129280223755,61.43059526078423,62.99606124134425,64.561527221904726,66.126993202465201,67.692459183025676,69.257925163585696
KY,Total Consumption,2177897.9399021566,2201890.8138110563,2225883.687719956,2249876.5616288558,2273869.4355377555,2297862.3094466552,2321855.1833555549
KY,Wood and Waste,25918.319357092903,25924.16868051581,25930.01800393872,25935.867327361622,25941.716650784532,25947.565974207442,25953.415297630345
KY,Wind,0.0,0.0,0.0,0.0,0.0,0.0,0.0
LA,Biomass,155806.70859538484,158206.42527158093,160606.14194777701,163005.85862397309,165405.57530016825,167805.29197636433,170205.00865256041
LA,Coal,312068.73794549331,318729.93447684497,325391.13100819662,332052.32753954828,338713.52407089807,345374.72060224973,352035.91713360138
LA,Ethenol,7383.2564640110941,7573.7661266754731,7764.2757893398521,7954.785452004231,8145.29511466861,8335.804777332989,8526.314439997368
LA,Geothermal,1128.9888190076745,1157.4577726954958,1185.9267263833171,1214.3956800711385,1242.8646337589598,1271.3335874467812,1299.8025411346025
LA,Hydropower,10988.234800838458,11241.000914808363,11493.767028778268,11746.533142748114,11999.299256718019,12252.065370687924,12504.831484657829
LA,Natural Gas,1562570.0936408043,1561441.3785274061,1560312.6634140075,1559183.9483006094,1558055.2331872112,1556926.5180738126,1555797.8029604144
LA,Nuclear Energy,210752.99091544375,215418.72661203332,220084.46230862103,224750.19800521061,229415.93370179832,234081.66939838603,238747.40509497561
LA,Petroleum,2290537.9727463201,2318951.4364017397,2347364.9000571668,2375778.3637125865,2404191.8273680061,2432605.2910234332,2461018.7546788529
LA,Solar,232.27812718378482,238.17780318912082,244.07747919445683,249.97715519979465,255.87683120513066,261.77650721046666,267.67618321580267
LA,Total Consumption,4699860.3368273824,4743557.7255066335,4787255.1141858697,4830952.5028651208,4874649.8915443569,4918347.280223608,4962044.6689028591
LA,Wood and Waste,148391.07477288507,150599.4215996433,152807.76842640154,155016.11525315978,157224.46207991801,159432.80890667625,161641.15573343448
LA,Wind,0.0,0.0,0.0,0.0,0.0,0.0,0.0
MA,Biomass,57125.951083158463,57188.729775744694,57251.50846833094,57314.287160917171,57377.065853503402,57439.844546089647,57502.623238675878
MA,Coal,97826.897274633404,98332.845054317033,98838.792834000662,99344.740613684407,99850.688393368036,100356.63617305167,100862.58395273529
MA,Ethenol,11776.011879804311,12085.538237723173,12395.064595642034,12704.590953560779,13014.11731147964,13323.643669398385,13633.170027317246
MA,Geothermal,537.70929419985987,551.29804967918244,564.88680515850501,578.47556063782395,592.06431611714652,605.65307159646909,619.24182707579166
MA,Hydropower,10091.974842767318,10176.93150371642,10261.88816466555,10346.844825614651,10431.801486563782,10516.758147512883,10601.714808462013
MA,Natural Gas,468550.89447938092,476112.50949748792,483674.12451559305,491235.73953369819,498797.35455180518,506358.96956991032,513920.58458801545
MA,Nuclear Energy,65491.109713486861,66437.822120576631,67384.534527666401,68331.246934756171,69277.959341845941,70224.671748935711,71171.38415602548
MA,Petroleum,597773.66457022727,588311.74732227623,578849.8300743252,569387.91282637417,559925.99557842314,550464.07833047211,541002.16108252108
MA,Solar,1358.3508036338171,1394.0154119814542,1429.6800203290768,1465.3446286766994,1501.0092370243365,1536.673845371959,1572.3384537195816
MA,Total Consumption,1356151.1537386412,1355970.5465345245,1355789.9393304077,1355609.332126291,1355428.7249221741,1355248.1177180575,1355067.5105139408
MA,Wood and Waste,45350.055904961482,45103.311136522389,44856.566368083237,44609.821599644143,44363.07683120505,44116.332062765898,43869.587294326804
MA,Wind,268.53389238294767,275.79842449653552,283.06295661012518,290.32748872371303,297.5920208373027,304.85655295089055,312.12108506448021
MD,Biomass,41377.646401117963,41644.442970586184,41911.239540054521,42178.036109522742,42444.832678991079,42711.6292484593,42978.42581792752
MD,Coal,281665.53039832233,281910.00221078657,282154.4740232508,282398.9458357151,282643.41764817934,282887.88946064358,283132.36127310782
MD,Ethenol,11025.595387840644,11315.188755479292,11604.782123117941,11894.375490756589,12183.968858395237,12473.562226033886,12763.155593672534
MD,Geothermal,338.74842767295559,347.23624928530626,355.72407089765693,364.21189251000396,372.69971412235464,381.18753573470531,389.67535734705598
MD,Hydropower,19715.08176100628,19782.391804840838,19849.701848675424,19917.011892509981,19984.321936344568,20051.631980179125,20118.942024013711
MD,Natural Gas,230077.90775681287,232296.29632170685,234514.68488660082,236733.0734514948,238951.46201638971,241169.85058128368,243388.23914617766
MD,Nuclear Energy,181136.1104122987,184516.601969379,187897.0935264593,191277.5850835396,194658.0766406199,198038.5681977002,201419.05975478049
MD,Petroleum,560531.92802235996,562077.09779556375,563622.26756876754,565167.43734197132,566712.60711517464,568257.77688837843,569802.94666158222
MD,Solar,510.63312368971674,524.16927768247479,537.70543167523283,551.24158566799088,564.77773966074892,578.31389365350697,591.85004764626501
MD,Total Consumption,1357363.6387141794,1365392.1757448651,1373420.7127755489,1381449.2498062328,1389477.7868369166,1397506.3238676004,1405534.8608982861
MD,Wood and Waste,30351.995807127809,30329.197674861745,30306.399542595689,30283.601410329626,30260.803278063569,30238.005145797506,30215.20701353145
MD,Wind,632.46121593290445,649.55071469410177,666.64021345529909,683.72971221649641,700.81921097769373,717.90870973889105,734.99820850008837
ME,Biomass,143076.90915443562,145266.24591830093,147455.58268216625,149644.91944603156,151834.25620989595,154023.59297376126,156212.92973762657
ME,Coal,6140.2159329141577,6102.0076234039734,6063.7993138937745,6025.5910043835902,5987.3826948733913,5949.1743853631924,5910.9660758530081
ME,Ethenol,2189.3081761006179,2247.4284734133689,2305.54877072612,2363.669068038871,2421.7893653516221,2479.9096626643732,2538.0299599771242
ME,Geothermal,31.66037735849045,32.492471888698219,33.324566418905988,34.156660949113757,34.988755479321526,35.820850009529067,36.652944539736836
ME,Hydropower,39279.493361285771,39528.054062638956,39776.61476399214,40025.175465345266,40273.736166698451,40522.296868051577,40770.857569404761
ME,Natural Gas,66863.950384346768,68498.39841179084,70132.846439235378,71767.29446667945,73401.742494123988,75036.19052156806,76670.638549012598
ME,Nuclear Energy,18485.145352899854,18296.384308493522,18107.623264087189,17918.862219680857,17730.101175274525,17541.340130868193,17352.579086461803
ME,Petroleum,242183.40321453451,242748.93841560162,243314.47361666895,243880.00881773629,244445.5440188034,245011.07921987073,245576.61442093807
ME,Solar,190.74074074074088,195.31043771043915,199.8801346801356,204.44983164983205,209.01952861953032,213.58922558922677,218.15892255892322
ME,Total Consumption,661820.5220125746,668492.97937868722,675165.4367448017,681837.89411091618,688510.35147703066,695182.80884314328,701855.26620925777
ME,Wood and Waste,140887.67924528196,143018.89788450487,145150.11652372684,147281.33516294975,149412.55380217172,151543.77244139463,153674.9910806166
ME,Wind,2492.0160726764298,2558.8213709421107,2625.6266692077916,2692.4319674734725,2759.2372657391534,2826.0425640048052,2892.8478622704861
MI,Biomass,137097.46890286496,139121.13309192518,141144.79728098586,143168.46147004608,145192.12565910676,147215.78984816698,149239.45403722767
MI,Coal,751307.31236897153,750621.67322279257,749936.03407661384,749250.39493043488,748564.75578425615,747879.11663807742,747193.47749189846
MI,Ethenol,22511.851851851912,23067.791245791363,23623.730639730813,24179.670033670263,24735.609427609481,25291.548821548931,25847.488215488382
MI,Geothermal,3120.1586303283693,3198.4155771551304,3276.6725239818916,3354.9294708086527,3433.1864176354138,3511.4433644621749,3589.7003112889361
MI,Hydropower,12790.58770090848,12724.262943904498,12657.938186900486,12591.613429896475,12525.288672892493,12458.963915888482,12392.639158884471
MI,Natural Gas,960796.30607966147,966474.40205831639,972152.49803697132,977830.59401562437,983508.6899942793,989186.78597293422,994864.88195158914
MI,Nuclear Energy,354146.22571627982,361098.52146623284,368050.81721618399,375003.11296613701,381955.40871609002,388907.70446604118,395860.00021599419
MI,Petroleum,940308.47099929885,941191.2726383307,942074.07427736232,942956.87591639417,943839.67755542579,944722.47919445764,945605.28083348949
MI,Solar,585.17819706498631,599.55639412997698,613.93459119496765,628.31278825995469,642.69098532494536,657.06918238993603,671.4473794549267
MI,Total Consumption,3293775.2438853905,3310587.7207674161,3327400.1976494491,3344212.6745314747,3361025.1514135003,3377837.6282955334,3394650.105177559
MI,Wood and Waste,107522.07267645001,108804.13255828759,110086.19244012469,111368.2523219618,112650.31220379937,113932.37208563648,115214.43196747359
MI,Wind,3589.6107617050293,3686.5595705481828,3783.5083793913363,3880.4571882344899,3977.4059970776143,4074.3548059207678,4171.3036147639214
MN,Biomass,127217.53319356963,129559.12564640027,131900.71809922997,134242.3105520606,136583.90300489031,138925.49545772094,141267.08791055158
MN,Coal,389285.04472397082,393916.28204053268,398547.51935709454,403178.7566736564,407809.99399021827,412441.23130678013,417072.46862334199
MN,Ethenol,23125.32844164921,23678.27439171588,24231.220341782551,24784.166291849222,25337.112241916126,25890.058191982796,26443.004142049467
MN,Geothermal,643.89587700907941,659.99646782287527,676.09705863667477,692.19764945047427,708.29824026427377,724.39883107806963,740.49942189186913
MN,Hydropower,7972.9308176100749,7924.0454736039683,7875.1601295978762,7826.2747855917696,7777.3894415856776,7728.504097579571,7679.6187535734789
MN,Natural Gas,407733.95108315721,410833.99644241016,413934.04180166312,417034.08716091607,420134.13252016902,423234.17787942197,426334.22323867492
MN,Nuclear Energy,171119.97344514169,173964.97786671575,176809.98228828982,179654.98670986481,182499.99113143887,185344.99555301294,188189.999974587
MN,Petroleum,687113.79594688863,691946.51849310659,696779.24103932269,701611.96358553879,706444.68613175675,711277.40867797285,716110.13122419082
MN,Solar,390.30957372466582,399.12554475573052,407.94151578679521,416.7574868178599,425.57345784892823,434.38942887999292,443.20539991105761
MN,Total Consumption,1915131.0705800056,1935127.5162441954,1955123.9619083852,1975120.4075725749,1995116.8532367647,2015113.2989009544,2035109.7445651442
MN,Wood and Waste,69442.106918238802,70345.284543548478,71248.462168858154,72151.63979416783,73054.817419477738,73957.995044787414,74861.17267009709
MN,Wind,31086.200559049612,31899.889333587373,32713.578108125366,33527.266882663127,34340.955657200888,35154.644431738881,35968.333206276642
MO,Biomass,42051.890985324862,42450.818334286218,42849.745683247573,43248.673032208811,43647.600381170167,44046.527730131522,44445.455079092877
MO,Coal,881084.11949684843,894110.293539159,907136.46758146957,920162.64162378013,933188.81566608697,946214.98970839754,959241.1637507081
MO,Ethenol,12711.05380852567,13034.284721428296,13357.515634330921,13680.746547233546,14003.977460136055,14327.20837303868,14650.439285941306
MO,Geothermal,209.70580013976178,214.95840162632521,220.21100311288865,225.46360459945208,230.71620608601734,235.96880757258077,241.22140905914421
MO,Hydropower,15980.446540880424,16082.272879740718,16184.099218601041,16285.925557461334,16387.751896321628,16489.578235181951,16591.404574042244
MO,Natural Gas,247817.92662473675,245698.38456260599,243578.84250047524,241459.30043834448,239339.75837621372,237220.21631408297,235100.67425195221
MO,Nuclear Energy,122323.273235498,124962.53502318636,127601.79681087378,130241.05859856214,132880.3203862505,135519.58217393886,138158.84396162722
MO,Petroleum,746381.49126484618,751286.3448192589,756191.19837366976,761096.05192808248,766000.9054824952,770905.75903690606,775810.61259131879
MO,Solar,195.84206848357644,200.42083730385457,204.9996061241327,209.57837494441083,214.15714376468895,218.73591258496708,223.31468140524703
MO,Total Consumption,2094095.8211041167,2113354.0556762591,2132612.290248394,2151870.5248205289,2171128.7593926638,2190386.9939647987,2209645.2285369411
MO,Wood and Waste,21803.261355695431,21682.214967283013,21561.168578870595,21440.122190458147,21319.075802045729,21198.02941363331,21076.983025220892
MO,Wind,3536.8099231306405,3631.527590369049,3726.2452576074866,3820.962924845895,3915.6805920843326,4010.3982593227411,4105.1159265611786
MS,Biomass,76998.877009083983,77817.108226922806,78635.33944476163,79453.570662600221,80271.801880439045,81090.033098277869,81908.264316116692
MS,Coal,181790.18378756009,185267.18710373994,188744.19041992072,192221.1937361015,195698.19705228228,199175.20036846306,202652.20368464384
MS,Ethenol,4628.5583508036507,4751.9335366240994,4875.3087224445771,4998.6839082650549,5122.0590940855327,5245.4342799059814,5368.8094657264592
MS,Geothermal,607.12578616352039,622.48591576138278,637.84604535924882,653.20617495711485,668.56630455498089,683.92643415284692,699.28656375071296
MS,Hydropower,0.0,0.0,0.0,0.0,0.0,0.0,0.0
MS,Natural Gas,355177.50034940429,357574.75356076285,359972.00677212141,362369.25998348091,364766.51319483947,367163.76640619803,369561.01961755753
MS,Nuclear Energy,128253.37735848967,131069.83754526265,133886.29773203656,136702.75791880954,139519.21810558345,142335.67829235643,145152.13847913034
MS,Petroleum,503434.32774283364,508558.59353280999,513682.85932278447,518807.12511275895,523931.39090273529,529055.65669270977,534179.92248268612
MS,Solar,18.327742837176629,18.779391398259122,19.231039959341729,19.682688520424222,20.134337081506715,20.585985642589321,21.037634203671814
MS,Total Consumption,1322479.633822497,1337925.6865002178,1353371.7391779386,1368817.7918556593,1384263.8445333801,1399709.8972111009,1415155.9498888217
MS,Wood and Waste,71571.355695318198,72245.007686932338,72918.659678546712,73592.311670161085,74265.963661775226,74939.615653389599,75613.26764500374
MS,Wind,0.0,0.0,0.0,0.0,0.0,0.0,0.0
MT,Biomass,16389.03214535286,16558.089206530654,16727.146267708449,16896.203328886302,17065.260390064097,17234.317451241892,17403.374512419745
MT,Coal,232109.63172606379,236694.66816593334,241279.70460580476,245864.74104567431,250449.77748554572,255034.81392541528,259619.85036528669
MT,Ethenol,1477.7575122291892,1516.4167079600884,1555.0759036909876,1593.7350994218723,1632.3942951527715,1671.0534908836707,1709.7126866145554
MT,Geothermal,307.06079664569916,314.40240137221008,321.744006098721,329.08561082523192,336.42721555174103,343.76882027825195,351.11042500476287
MT,Hydropower,110094.65408805001,110486.40110539319,110878.14812273649,111269.89514007966,111661.64215742296,112053.38917476614,112445.13619210944
MT,Natural Gas,65169.610062892978,65150.476691442622,65131.343319992266,65112.209948541909,65093.076577091553,65073.943205641197,65054.809834190841
MT,Nuclear Energy,0.0,0.0,0.0,0.0,0.0,0.0,0.0
MT,Petroleum,182473.95737246703,183607.51407153299,184741.07077059895,185874.62746966537,187008.18416873133,188141.74086779775,189275.29756686371
MT,Solar,16.867225716282292,17.311555809669017,17.755885903055628,18.200215996442353,18.644546089829078,19.088876183215802,19.533206276602527
MT,Total Consumption,433520.711390635,436467.16688901465,439413.62238739524,442360.0778857749,445306.53338415548,448252.98888253514,451199.44438091479
MT,Wood and Waste,14868.3046820405,14998.260542532225,15128.216403023922,15258.172263515648,15388.128124007373,15518.083984499041,15648.039844990766
MT,Wind,5034.6401118098875,5168.4263515659259,5302.2125913219643,5435.9988310780027,5569.7850708340993,5703.5713105901377,5837.3575503461761
NC,Biomass,126068.5548567432,127282.62621180294,128496.69756686315,129710.76892192336,130924.8402769831,132138.91163204331,133352.98298710352
NC,Coal,808964.14116002992,817349.79410456866,825735.4470491074,834121.09999364614,842506.75293818861,850892.40588272735,859278.0588272661
NC,Ethenol,15617.595387840527,16023.162492852891,16428.729597865371,16834.296702877735,17239.863807890099,17645.430912902579,18050.998017914942
NC,Geothermal,575.61565338923174,590.03669398385682,604.45773457848554,618.87877517311063,633.29981576773571,647.72085636236079,662.14189695698587
NC,Hydropower,46050.000000000116,45791.103030303144,45532.206060606171,45273.309090909141,45014.412121212168,44755.515151515196,44496.618181818223
NC,Natural Gas,299019.35499650426,303526.3712724708,308033.3875484392,312540.40382440574,317047.42010037415,321554.43637634069,326061.45265230723
NC,Nuclear Energy,505256.13626834378,515992.55738517269,526728.97850200161,537465.39961883053,548201.82073565945,558938.24185248837,569674.66296931729
NC,Petroleum,950047.06708595157,958180.88568705693,966314.70428816229,974448.52288926765,982582.34149037302,990716.16009147838,998849.97869258374
NC,Solar,945.4444444444307,970.15757575756288,994.87070707069506,1019.5838383838272,1044.2969696969594,1069.0101010100916,1093.7232323232165
NC,Total Consumption,2862994.8190076873,2896966.1060288474,2930937.3930500075,2964908.6800711527,2998879.9670923129,3032851.254113473,3066822.5411346182
NC,Wood and Waste,110450.90915443702,111259.41157486755,112067.91399529832,112876.41641572909,113684.91883615986,114493.42125659063,115301.9236770214
NC,Wind,0.0,0.0,0.0,0.0,0.0,0.0,0.0
ND,Biomass,14075.893081760849,14405.226567562204,14734.560053363675,15063.89353916503,15393.227024966502,15722.560510767857,16051.893996569328
ND,Coal,519701.0559049584,529390.77982338518,539080.50374181569,548770.22766024619,558459.9515786767,568149.67549710348,577839.39941553399
ND,Ethenol,2094.5066387141705,2146.4974525125435,2198.488266310902,2250.4790801092604,2302.4698939076188,2354.4607077059918,2406.4515215043502
ND,Geothermal,597.59259259259125,612.61683501683365,627.64107744107605,642.66531986531845,657.68956228956085,672.71380471380326,687.73804713804566
ND,Hydropower,18783.085953878297,18653.800190584996,18524.514427291666,18395.228663998365,18265.942900705035,18136.657137411734,18007.371374118404
ND,Natural Gas,66637.006988119567,67471.723740549525,68306.440492979717,69141.157245409675,69975.873997839633,70810.590750269592,71645.30750269955
ND,Nuclear Energy,0.0,0.0,0.0,0.0,0.0,0.0,0.0
ND,Petroleum,149782.92802236136,150673.09375516116,151563.25948796072,152453.42522076052,153343.59095356008,154233.75668635988,155123.92241915967
ND,Solar,3.6939203354297376,3.7898608728797001,3.8858014103296625,3.9817419477796534,4.0776824852296158,4.1736230226796067,4.2695635601295692
ND,Total Consumption,792489.10482179746,804693.81166380271,816898.51850580797,829103.22534781322,841307.93218981475,853512.63903182,865717.34587382525
ND,Wood and Waste,3182.4346610761859,3235.5427228257468,3288.6507845753222,3341.7588463248976,3394.866908074473,3447.9749698240339,3501.0830315736093
ND,Wind,17630.907058001263,18100.740715329186,18570.574372657225,19040.408029985265,19510.241687313188,19980.075344641227,20449.909001969267
NE,Biomass,64957.227113905828,66511.083184041083,68064.939254176337,69618.795324311592,71172.651394447312,72726.507464582566,74280.363534717821
NE,Coal,276989.35639412887,282437.06834381446,287884.78029350005,293332.49224318564,298780.20419287123,304227.91614255682,309675.6280922424
NE,Ethenol,4286.0097833682667,4382.24717616415,4478.4845689600334,4574.7219617559167,4670.9593545518001,4767.1967473476834,4863.4341401435668
NE,Geothermal,775.46820405311155,794.94314211295568,814.41808017279982,833.89301823264395,853.36795629248809,872.84289435233222,892.31783241217636
NE,Hydropower,11421.94828791052,11387.491188615691,11353.034089320849,11318.57699002602,11284.119890731177,11249.662791436349,11215.205692141506
NE,Natural Gas,126172.80922431825,125175.31137792976,124177.81353154127,123180.31568515301,122182.81783876452,121185.31999237603,120187.82214598753
NE,Nuclear Energy,118313.66876310203,120375.8809605483,122438.09315799456,124500.30535544083,126562.51755288709,128624.72975033289,130686.94194777915
NE,Petroleum,247875.060796645,249441.07512864424,251007.08946064347,252573.10379264271,254139.11812464194,255705.13245664118,257271.14678864041
NE,Solar,31.11320754716985,31.878940346864965,32.644673146560081,33.410405946255196,34.176138745950084,34.941871545645199,35.707604345340314
NE,Total Consumption,862373.52341019362,872294.35725810751,882215.1911060214,892136.0249539353,902056.85880184919,911977.69264976308,921898.52649767324
NE,Wood and Waste,7637.9517819706234,7739.9964932342118,7842.0412044978002,7944.0859157613595,8046.1306270249479,8148.1753382885363,8250.2200495520956
NE,Wind,3912.909853249439,4017.3813226605416,4121.8527920716151,4226.3242614827177,4330.7957308938203,4435.2672003048938,4539.7386697159964
NH,Biomass,31904.605870020692,32302.69254812249,32700.779226224287,33098.865904326085,33496.952582427883,33895.039260529564,34293.125938631361
NH,Coal,41759.110412298702,42223.173686550697,42687.236960802577,43151.300235054572,43615.363509306568,44079.426783558447,44543.490057810443
NH,Ethenol,2647.1593291404424,2717.0055269677541,2786.8517247950949,2856.6979226224357,2926.5441204497474,2996.3903182770882,3066.236516104429
NH,Geothermal,15.459119496855351,15.859653135124859,16.260186773394366,16.660720411663874,17.061254049933382,17.46178768820289,17.862321326472397
NH,Hydropower,14916.501747030052,14951.262753319359,14986.023759608666,15020.784765897974,15055.545772187281,15090.306778476588,15125.06778476591
NH,Natural Gas,56638.964360586833,57879.28427672945,59119.604192872066,60359.924109014682,61600.244025157299,62840.563941299915,64080.883857442532
NH,Nuclear Energy,112656.65059398953,115281.9968108749,117907.34302776121,120532.68924464658,123158.03546153288,125783.38167841826,128408.72789530456
NH,Petroleum,180588.58839972038,181874.04279270675,183159.49718569312,184444.95157867949,185730.40597166633,187015.8603646527,188301.31475763908
NH,Solar,99.526904262751486,102.02215869385509,104.51741312495869,107.0126675560623,109.5079219871659,112.0031764182695,114.49843084937311
NH,Total Consumption,471043.35849056579,477507.46647608094,483971.57446159609,490435.6824471131,496899.79043262824,503363.89841814339,509828.00640365854
NH,Wood and Waste,29257.361984625924,29585.600063528167,29913.83814243041,30242.076221332652,30570.314300234895,30898.552379137138,31226.790458039381
NH,Wind,559.42976939203436,574.52620545073296,589.6226415094352,604.7190775681338,619.81551362683604,634.91194968553464,650.00838574423688
NJ,Biomass,51453.290006987867,51905.465535861556,52357.641064735129,52809.816593608819,53261.992122482508,53714.167651356081,54166.343180229771
NJ,Coal,52015.222921035718,50180.385909409728,48345.548897784203,46510.711886158679,44675.874874532688,42841.037862907164,41006.200851281174
NJ,Ethenol,18104.339622641332,18578.305507909041,19052.271393176867,19526.237278444576,20000.203163712402,20474.169048980228,20948.134934247937
NJ,Geothermal,279.09433962263938,286.07352773013008,293.05271583762078,300.03190394510966,307.01109205260036,313.99028016009106,320.96946826757994
NJ,Hydropower,297.00838574425143,347.41879169050662,397.82919763676182,448.23960358301701,498.65000952927221,549.06041547552741,599.47082142179715
NJ,Natural Gas,764117.65758210421,775203.01348071173,786288.36937932298,797373.7252779305,808459.08117654175,819544.43707514927,830629.79297375679
NJ,Nuclear Energy,383746.68972746097,391658.48450542986,399570.27928339876,407482.07406136766,415393.8688393347,423305.66361730359,431217.45839527249
NJ,Petroleum,1144794.2124388525,1142590.902318784,1140387.5921987146,1138184.2820786461,1135980.9719585776,1133777.6618385091,1131574.3517184397
NJ,Solar,5558.1118099231389,5704.5010609237361,5850.890311924275,5997.2795629248722,6143.6688139254111,6290.0580649260082,6436.4473159265472
NJ,Total Consumption,2453794.1446540765,2469863.3559748344,2485932.5672955886,2502001.7786163427,2518070.9899370968,2534140.201257851,2550209.4125786051
NJ,Wood and Waste,33349.064290705675,33327.277402960288,33305.490515214908,33283.703627469527,33261.91673972414,33240.12985197876,33218.342964233372
NJ,Wind,79.453529000697927,81.527933422272326,83.602337843846726,85.676742265420216,87.751146686994616,89.825551108569016,91.899955530143416
NM,Biomass,11844.979734451452,11994.91771806113,12144.855701670866,12294.793685280543,12444.731668890221,12594.669652499899,12744.607636109577
NM,Coal,366039.23200559057,371990.89970141836,377942.56739724427,383894.23509307019,389845.90278889611,395797.57048472203,401749.23818054795
NM,Ethenol,3675.8448637316178,3766.0533638269117,3856.2618639222055,3946.4703640174994,4036.6788641127932,4126.8873642080871,4217.0958643033809
NM,Geothermal,523.65618448636815,536.15681341718664,548.6574423480015,561.15807127881999,573.65870020963848,586.15932914045698,598.65995807127547
NM,Hydropower,2675.7910552061367,2720.669652499826,2765.54824979353,2810.4268470872194,2855.3054443809087,2900.1840416745981,2945.0626389682875
NM,Natural Gas,228184.62962962943,227911.23164983152,227637.83367003349,227364.43569023546,227091.03771043743,226817.63973063952,226544.24175084149
NM,Nuclear Energy,0.0,0.0,0.0,0.0,0.0,0.0,0.0
NM,Petroleum,276991.93291404471,279702.67188869696,282413.41086334921,285124.14983800147,287834.88881265372,290545.62778730597,293256.36676195823
NM,Solar,1233.7819706498776,1264.4285877644215,1295.0752048789655,1325.7218219935094,1356.368439108046,1387.0150562225899,1417.6616733371338
NM,Total Consumption,908100.81830887124,917113.42516993731,926126.03203099966,935138.63889206201,944151.24575312808,953163.85261419043,962176.45947525278
NM,Wood and Waste,6770.6387141858795,6799.5454418397785,6828.4521694936775,6857.3588971475765,6886.2656248014755,6915.1723524553745,6944.0790801092735
NM,Wind,10160.331236897386,10426.850352582522,10693.369468267658,10959.888583952794,11226.407699638046,11492.926815323182,11759.445931008318
NV,Biomass,8492.9175401817774,8660.3414776698919,8827.7654151579482,8995.1893526460626,9162.6132901341189,9330.0372276222333,9497.4611651103478
NV,Coal,175802.69881201908,178264.10738834832,180725.51596467849,183186.92454100773,185648.33311733697,188109.7416936662,190571.15026999544
NV,Ethenol,4726.8050314465654,4846.0565275395638,4965.3080236325623,5084.5595197255898,5203.8110158185882,5323.0625119115866,5442.3140080046142
NV,Geothermal,20373.968553458806,20849.205793786678,21324.443034114433,21799.680274442304,22274.917514770059,22750.15475509793,23225.391995425685
NV,Hydropower,24731.296296296263,24817.932659932616,24904.569023568998,24991.205387205351,25077.841750841704,25164.478114478086,25251.114478114439
NV,Natural Gas,243986.96296296269,248833.69629629701,253680.42962962948,258527.1629629638,263373.89629629627,268220.6296296306,273067.36296296306
NV,Nuclear Energy,0.0,0.0,0.0,0.0,0.0,0.0,0.0
NV,Petroleum,277978.38225017395,282134.47426465899,286290.5662791431,290446.65829362813,294602.75030811224,298758.84232259728,302914.93433708139
NV,Solar,2901.793151642225,2978.0778857760306,3054.3626199098071,3130.6473540436127,3206.9320881773892,3283.2168223111948,3359.5015564449714
NV,Total Consumption,763026.15164219961,775470.60092750564,787915.05021281168,800359.49949811772,812803.94878342375,825248.39806872979,837692.84735403582
NV,Wood and Waste,3766.0454227812588,3814.2154246871214,3862.3854265929695,3910.5554284988175,3958.7254304046655,4006.8954323105281,4055.0654342163762
NV,Wind,265.28162124388109,272.49320881773383,279.70479639158475,286.91638396543749,294.12797153928841,301.33955911314115,308.55114668699207
NY,Biomass,152429.26834381418,154175.36699065985,155921.46563750599,157667.56428435165,159413.66293119732,161159.76157804346,162905.86022488913
NY,Coal,117803.64081062749,108582.60418017209,99361.567549716681,90140.530919261277,80919.494288805872,71698.457658350468,62477.421027895063
NY,Ethenol,22868.51642208267,23465.4476589798,24062.378895877162,24659.310132774524,25256.241369671654,25853.172606569016,26450.103843466146
NY,Geothermal,744.49475890985195,763.21780064798804,781.94084238612413,800.66388412426022,819.38692586239631,838.1099676005324,856.83300933866849
NY,Hydropower,279069.4395527587,279672.05823009822,280274.6769074375,280877.29558477702,281479.9142621163,282082.53293945582,282685.1516167951
NY,Natural Gas,1352112.488469597,1368808.1425957642,1385503.7967219315,1402199.4508480988,1418895.1049742661,1435590.7591004334,1452286.4132266007
NY,Nuclear Energy,503062.62194269523,512801.62300997227,522540.62407724932,532279.62514452264,542018.62621179968,551757.62727907673,561496.62834635377
NY,Petroleum,1346350.4940600991,1325904.5672447756,1305458.6404294521,1285012.7136141285,1264566.786798805,1244120.8599834815,1223674.9331681579
NY,Solar,2029.818308874892,2081.8898164029961,2133.9613239311147,2186.0328314592189,2238.1043389873375,2290.1758465154417,2342.2473540435603
NY,Total Consumption,3914722.0195667269,3915885.4983927226,3917048.9772187183,3918212.456044713,3919375.9348707087,3920539.4136967044,3921702.8925227001
NY,Wood and Waste,126731.01537386444,127804.56475446257,128878.11413506116,129951.66351565975,131025.21289625787,132098.76227685646,133172.31165745505
NY,Wind,11520.221523410059,11826.016110793222,12131.810698176501,12437.605285559781,12743.39987294306,13049.19446032634,13354.98904770962
OH,Biomass,108110.67225716216,109249.76606314629,110388.85986913089,111527.95367511502,112667.04748109961,113806.14128708374,114945.23509306833
OH,Coal,1363651.4654088039,1361534.5873832656,1359417.7093577273,1357300.831332189,1355183.9533066498,1353067.0752811115,1350950.1972555732
OH,Ethenol,30248.477288609371,30965.418550282717,31682.359811956063,32399.301073629409,33116.242335302755,33833.183596976101,34550.124858649448
OH,Geothermal,2075.2508735150332,2127.3535988819058,2179.4563242487784,2231.5590496156656,2283.6617749825382,2335.7645003494108,2387.867225716298
OH,Hydropower,5485.5157232704223,5607.5203354297555,5729.5249475890887,5851.5295597484219,5973.5341719077551,6095.5387840670883,6217.5433962263924
OH,Natural Gas,831939.37875611149,829839.5204751892,827739.66219426598,825639.8039133437,823539.94563242141,821440.08735149913,819340.22907057591
OH,Nuclear Energy,196636.74772886187,200905.91700654291,205175.08628422581,209444.25556190871,213713.42483959161,217982.59411727451,222251.76339495555
OH,Petroleum,1311295.7449336071,1317425.9107426405,1323556.0765516739,1329686.2423607074,1335816.4081697408,1341946.5739787742,1348076.7397878096
OH,Solar,524.79594689027726,538.59930118797274,552.40265548566458,566.20600978336006,580.00936408105554,593.81271837874738,607.61607267644285
OH,Total Consumption,3919621.3906359095,3928070.5314401779,3936519.6722444464,3944968.8130487148,3953417.9538529869,3961867.0946572553,3970316.2354615238
OH,Wood and Waste,67981.781271837652,68159.129547042539,68336.477822247369,68513.826097452256,68691.174372657144,68868.522647862032,69045.870923066861
OH,Wind,1671.5604472396808,1716.8084365669201,1762.0564258941595,1807.3044152213843,1852.5524045486236,1897.8003938758629,1943.0483832030877
OK,Biomass,34654.173305381089,35217.826745441882,35781.480185502907,36345.133625563933,36908.787065624958,37472.440505685983,38036.093945747009
OK,Coal,471442.43256463856,481186.70216631517,490930.97176799178,500675.24136967212,510419.51097134873,520163.78057302535,529908.05017470196
OK,Ethenol,6052.0391334730666,6210.037189505063,6368.0352455371176,6526.033301569114,6684.0313576011104,6842.0294136331649,7000.0274696651613
OK,Geothermal,13.234800838574415,13.574652182199316,13.91450352582433,14.25435486944923,14.594206213074131,14.934057556699145,15.273908900324045
OK,Hydropower,30310.973445142969,30611.994028333342,30913.014611523715,31214.035194714088,31515.055777904461,31816.076361094834,32117.096944285324
OK,Natural Gas,670722.15164220519,673090.09385680407,675458.03607140295,677825.97828600183,680193.92050060071,682561.86271519959,684929.80492979847
OK,Nuclear Energy,0.0,0.0,0.0,0.0,0.0,0.0,0.0
OK,Petroleum,581794.15303983167,586917.73234228976,592041.31164474972,597164.89094720781,602288.4702496659,607412.04955212399,612535.62885458395
OK,Solar,67.336827393430667,68.751769264976247,70.166711136521826,71.58165300806786,72.99659487961344,74.411536751159019,75.826478622704599
OK,Total Consumption,1849631.4213836417,1868989.0043834522,1888346.5873832628,1907704.1703830659,1927061.7533828765,1946419.3363826871,1965776.9193824977
OK,Wood and Waste,28602.129979035701,29007.78521059663,29413.440442157444,29819.095673718373,30224.750905279303,30630.406136840116,31036.061368401046
OK,Wind,25972.796645702329,26664.506422717823,27356.216199733317,28047.925976748578,28739.635753764072,29431.345530779567,30123.055307795061
OR,Biomass,58973.540181690943,58785.188780890487,58596.837380089972,58408.485979289515,58220.134578489058,58031.783177688601,57843.431776888145
OR,Coal,41407.194269741187,42216.729280223371,43026.264290705556,43835.799301187741,44645.334311669925,45454.86932215211,46264.404332634294
OR,Ethenol,5799.6072676450131,5948.4360841115704,6097.2649005781277,6246.0937170446268,6394.9225335111842,6543.7513499777415,6692.5801664442988
OR,Geothermal,1184.5786163522062,1213.5430912902666,1242.5075662283271,1271.4720411663875,1300.4365161044479,1329.4009910425084,1358.3654659805688
OR,Hydropower,425080.14814814553,428393.12390572205,431706.09966329765,435019.07542087324,438332.05117844883,441645.02693602443,444958.00269360002
OR,Natural Gas,251712.48846959975,255877.48400990851,260042.47955021821,264207.47509052604,268372.47063083574,272537.46617114358,276702.46171145327
OR,Nuclear Energy,12002.491963661683,11847.862041801563,11693.232119941444,11538.602198081324,11383.972276221204,11229.342354361084,11074.712432500964
OR,Petroleum,396963.38225017302,399360.68638586905,401757.99052156601,404155.29465726204,406552.598792959,408949.90292865597,411347.207064352
OR,Solar,1578.7847658979736,1618.303538529959,1657.8223111619445,1697.3410837939155,1736.8598564259009,1776.3786290578864,1815.8974016898574
OR,Total Consumption,1268636.5199161321,1279408.4014484361,1290180.2829807401,1300952.1645130441,1311724.046045348,1322495.927577652,1333267.809109956
OR,Wood and Waste,52019.551362683298,51651.878482942469,51284.205603201641,50916.532723460929,50548.8598437201,50181.186963979271,49813.514084238443
OR,Wind,21914.752620545216,22495.165847150842,23075.5790737567,23655.992300362326,24236.405526967952,24816.818753573578,25397.231980179437
PA,Biomass,121425.90286512859,122711.77677402925,123997.65068292944,125283.52459182963,126569.39850073028,127855.27240963047,129141.14631853066
PA,Coal,1315717.5534591191,1308925.7756051067,1302133.9977510944,1295342.2198970821,1288550.4420430716,1281758.6641890593,1274966.886335047
PA,Ethenol,18791.818308874848,19281.687796200975,19771.557283527101,20261.426770853112,20751.296258179238,21241.165745505365,21731.035232831491
PA,Geothermal,1322.5541579315177,1355.7453529000777,1388.9365478686232,1422.1277428371832,1455.3189378057432,1488.5101327742886,1521.7013277428487
PA,Hydropower,26650.912648497382,26945.708798678475,27240.504948859569,27535.301099040662,27830.097249221639,28124.893399402732,28419.689549583825
PA,Natural Gas,834633.28930817172,838237.85740422644,841842.42550028209,845446.9935963368,849051.56169239152,852656.12978844624,856260.69788450096
PA,Nuclear Energy,956746.32704402506,976907.17934057862,997068.03163713217,1017228.8839336783,1037389.7362302318,1057550.5885267779,1077711.4408233315
PA,Petroleum,1359913.0342417865,1359613.5136014204,1359313.9929610544,1359014.4723206884,1358714.9516803224,1358415.4310399564,1358115.9103995904
PA,Solar,1545.3969252271054,1584.4793723397452,1623.561819452385,1662.6442665650247,1701.72671367765,1740.8091607902898,1779.8916079029295
PA,Total Consumption,4746055.2704402357,4765844.9833047315,4785634.6961692274,4805424.4090337157,4825214.1218982115,4845003.8347627074,4864793.5476272032
PA,Wood and Waste,100959.86093640793,101710.87675497076,102461.89257353381,103212.90839209687,103963.92421065969,104714.94002922275,105465.95584778581
PA,Wind,8348.6205450733542,8570.3825042881654,8792.1444635029184,9013.9064227177296,9235.6683819325408,9457.4303411472938,9679.192300362105
RI,Biomass,5433.675751222916,5457.582478876815,5481.4892065307067,5505.3959341846057,5529.3026618385047,5553.2093894924037,5577.1161171463027
RI,Coal,-2969.9559748426545,-3154.7503335237852,-3339.5446922049741,-3524.3390508861048,-3709.1334095672355,-3893.9277682484244,-4078.7221269295551
RI,Ethenol,1849.8406708595285,1898.2328568705852,1946.625042881642,1995.0172288926842,2043.409414903741,2091.8016009147977,2140.1937869258545
RI,Geothermal,23.94758909853249,24.580026681913523,25.212464265294329,25.844901848675363,26.477339432056397,27.10977701543743,27.742214598818464
RI,Hydropower,59.116701607267942,59.475154056286442,59.833606505304942,60.192058954323443,60.550511403341943,60.908963852360444,61.267416301378944
RI,Natural Gas,112543.8427672945,114609.01482751919,116674.18688774435,118739.35894796904,120804.5310081942,122869.70306841889,124934.87512864405
RI,Nuclear Energy,0.0,0.0,0.0,0.0,0.0,0.0,0.0
RI,Petroleum,78656.359888190404,77281.822133283131,75907.284378375392,74532.746623467654,73158.208868560381,71783.671113652643,70409.133358744904
RI,Solar,61.346610761704596,62.800965631153758,64.255320500603375,65.709675370052537,67.164030239501699,68.618385108950861,70.072739978400023
RI,Total Consumption,199248.86093640828,199805.14342163794,200361.4259068676,200917.70839209727,201473.99087732693,202030.27336255659,202586.55584778625
RI,Wood and Waste,3583.9091544374314,3559.4257162822905,3534.9422781271569,3510.458839972016,3485.9754018168824,3461.4919636617415,3437.0085255066078
RI,Wind,6.7777777777777715,6.9595959595959584,7.1414141414141454,7.3232323232322756,7.5050505050504626,7.6868686868686495,7.8686868686868365
SC,Biomass,100790.12718378613,102101.95874467818,103413.79030557023,104725.62186646229,106037.45342735387,107349.28498824593,108661.11654913798
SC,Coal,448551.84136966802,455134.29553395137,461716.74969823658,468299.20386251993,474881.65802680515,481464.1121910885,488046.56635537371
SC,Ethenol,8250.1201956673758,8467.7360142303514,8685.351832793327,8902.9676513563609,9120.5834699193365,9338.1992884823121,9555.8151070452877
SC,Geothermal,385.37456324248342,395.03128136712621,404.68799949176901,414.3447176164118,424.00143574105459,433.65815386569739,443.31487199034018
SC,Hydropower,19400.63382250187,19091.737005272997,18782.840188044123,18473.94337081525,18165.046553586377,17856.149736357387,17547.252919128514
SC,Natural Gas,201432.33822501684,203563.594295152,205694.85036528716,207826.10643542325,209957.36250555841,212088.61857569357,214219.87464582874
SC,Nuclear Energy,676609.76659678668,689939.01534845307,703268.26410011947,716597.51285178959,729926.76160345599,743256.01035512239,756585.25910679251
SC,Petroleum,545230.35849056952,551017.02203164063,556803.68557271175,562590.34911378287,568377.01265485398,574163.6761959251,579950.33973699622
SC,Solar,56.682739343117646,58.104199224954755,59.525659106792318,60.947118988629427,62.368578870466536,63.790038752303644,65.211498634141208
SC,Total Consumption,2093247.307477273,2123402.7758973166,2153558.2443173677,2183713.7127374187,2213869.1811574697,2244024.6495775208,2274180.1179975718
SC,Wood and Waste,92540.064290705137,93634.281443363521,94728.498596022371,95822.715748681221,96916.932901339605,98011.150053998455,99105.367206657305
SC,Wind,0.0,0.0,0.0,0.0,0.0,0.0,0.0
SD,Biomass,34808.287211740157,35659.024928530911,36509.762645321433,37360.500362111954,38211.238078902476,39061.975795692997,39912.713512483519
SD,Coal,49083.875611460302,49843.308125277748,50602.740639095195,51362.173152912641,52121.605666730087,52881.038180547534,53640.470694364747
SD,Ethenol,3012.7847658979881,3084.4025284289382,3156.0202909599175,3227.6380534908967,3299.2558160218468,3370.8735785528261,3442.4913410838053
SD,Geothermal,1122.4297693920234,1150.7120640365829,1178.9943586811423,1207.2766533257018,1235.5589479702612,1263.8412426148207,1292.1235372593801
SD,Hydropower,51025.676450034589,51012.037075153683,50998.397700272792,50984.758325391893,50971.118950510994,50957.479575630095,50943.840200749197
SD,Natural Gas,53739.633822501637,54380.767308302922,55021.90079410444,55663.034279905725,56304.167765707243,56945.301251508528,57586.434737310046
SD,Nuclear Energy,-19.178895877008927,-20.445333841560114,-21.711771806111301,-22.978209770662488,-24.244647735213675,-25.511085699764863,-26.77752366431605
SD,Petroleum,120598.72536687599,121122.09113779268,121645.45690870937,122168.82267962606,122692.18845054274,123215.55422145943,123738.91999237612
SD,Solar,4.2508735150244092,4.3616796899815427,4.4724858649386476,4.583292039895781,4.694098214852886,4.8049043898100194,4.9157105647671244
SD,Total Consumption,323150.15932914056,326220.21966838185,329290.28000762314,332360.34034686442,335430.40068610571,338500.46102534793,341570.52136458922
SD,Wood and Waste,2414.0370370370292,2427.3158249158187,2440.5946127946045,2453.8734006733939,2467.1521885521797,2480.4309764309692,2493.709764309755
SD,Wind,7359.6373165618279,7556.6443300933461,7753.6513436249224,7950.6583571564406,8147.665370688017,8344.6723842195352,8541.6793977511115
TN,Biomass,86021.497554157628,86670.286690807203,87319.075827456778,87967.864964106353,88616.654100755695,89265.44323740527,89914.232374054845
TN,Coal,666954.56044723839,671698.36803252436,676442.1756178122,681185.98320309818,685929.79078838602,690673.59837367199,695417.40595895983
TN,Ethenol,13490.102026554639,13830.567016072455,14171.03200559027,14511.496995108202,14851.961984626018,15192.426974143833,15532.891963661648
TN,Geothermal,126.41160027952446,129.58144971729871,132.75129915507205,135.92114859284629,139.09099803062054,142.26084746839479,145.43069690616812
TN,Hydropower,89449.960866526875,89289.239578171633,89128.518289816333,88967.797001461091,88807.075713105849,88646.354424750607,88485.633136395307
TN,Natural Gas,268795.03424178786,269909.47319738171,271023.9121529751,272138.35110856895,273252.79006416281,274367.2290197562,275481.66797535005
TN,Nuclear Energy,320431.55835080147,327632.9618194513,334834.36528809927,342035.76875674911,349237.17222539708,356438.57569404505,363639.97916269489
TN,Petroleum,805618.99301187322,815036.04595641047,824453.09890095145,833870.15184549242,843287.20479002967,852704.25773457065,862121.31067911163
TN,Solar,134.26065688329709,137.5926942379765,140.92473159265501,144.25676894733442,147.58880630201293,150.92084365669234,154.25288101137085
TN,Total Consumption,2317053.147449322,2340519.4369862005,2363985.726523079,2387452.0160599574,2410918.3055968359,2434384.5951337144,2457850.8846705928
TN,Wood and Waste,65766.931516421959,65914.580877961882,66062.230239501805,66209.879601041728,66357.528962581651,66505.178324121574,66652.827685661498
TN,Wind,263.83717679943948,270.73967346420068,277.64217012896188,284.54466679372308,291.44716345848428,298.34966012324367,305.25215678800487
TX,Biomass,149156.70160726737,151419.57829871029,153682.4549901532,155945.33168159518,158208.2083730381,160471.08506448101,162733.96175592393
TX,Coal,1998149.0642906874,2037551.392554462,2076953.7208182216,2116356.0490819961,2155758.3773457706,2195160.7056095302,2234563.0338733047
TX,Ethenol,43201.352900069673,44323.797382630873,45446.24186519254,46568.686347753741,47691.130830315407,48813.575312877074,49936.019795438275
TX,Geothermal,1513.0251572326961,1551.0179912330786,1589.0108252334612,1627.0036592338438,1664.9964932342264,1702.9893272346089,1740.9821612349915
TX,Hydropower,12985.487770789648,13003.993049996814,13022.49832920398,13041.003608411145,13059.508887618311,13078.014166825476,13096.519446032642
TX,Natural Gas,4086671.2641509306,4095105.7929483373,4103540.3217457477,4111974.8505431544,4120409.3793405611,4128843.9081379678,4137278.4369353782
TX,Nuclear Energy,460277.855345916,471057.41978273541,481836.98421955854,492616.54865637794,503396.11309320107,514175.67753002048,524955.24196684361
TX,Petroleum,6823314.2529699504,6914071.6567816734,7004829.0605933666,7095586.4644050598,7186343.8682167828,7277101.272028476,7367858.6758401692
TX,Solar,1252.5604472396808,1283.7518709103533,1314.9432945810186,1346.1347182516911,1377.3261419223563,1408.5175655930288,1439.7089892636941
TX,Total Consumption,13802822.713487029,13959986.702395022,14117150.691302955,14274314.680210888,14431478.669118822,14588642.658026814,14745806.646934748
TX,Wood and Waste,100365.1383647793,101356.77369925613,102348.40903373295,103340.04436820978,104331.67970268661,105323.31503716344,106314.9503716405
TX,Wind,125936.010482179,129261.52803506702,132587.04558795411,135912.5631408412,139238.08069372922,142563.59824661631,145889.1157995034
UT,Biomass,7195.2872117400111,7295.3441204497649,7395.4010291594896,7495.4579378692433,7595.514846578968,7695.5717552887218,7795.6286639984464
UT,Coal,455624.97693919949,463427.34983799979,471229.72273679823,479032.09563559853,486834.46853439696,494636.84143319726,502439.2143319957
UT,Ethenol,3077.6303284416499,3157.8377612604236,3238.0451940791681,3318.2526268979127,3398.4600597166864,3478.6674925354309,3558.8749253541755
UT,Geothermal,3543.3549965058919,3623.2359189377457,3703.1168413696287,3782.9977638014825,3862.8786862333654,3942.7596086652193,4022.6405310971022
UT,Hydropower,8096.9308176100094,8081.1666857251184,8065.4025538402311,8049.6384219553402,8033.8742900704528,8018.1101581855655,8002.3460263006746
UT,Natural Gas,215302.26764500234,217971.37300044391,220640.47835588548,223309.58371132612,225978.68906676769,228647.79442220926,231316.8997776499
UT,Nuclear Energy,0.0,0.0,0.0,0.0,0.0,0.0,0.0
UT,Petroleum,293795.70020964369,296787.957995045,299780.21578044537,302772.47356584668,305764.73135124799,308756.9891366493,311749.2469220506
UT,Solar,112.91474493361147,115.72309256082735,118.53144018804323,121.33978781525821,124.14813544247409,126.95648306968997,129.76483069690494
UT,Total Consumption,992532.20335429534,1006307.6713550575,1020083.1393558197,1033858.6073565818,1047634.075357344,1061409.5433581099,1075185.0113588721
UT,Wood and Waste,4117.295597484248,4137.1366495139737,4156.9777015437066,4176.8187535734396,4196.6598056031726,4216.5008576328983,4236.3419096626312
UT,Wind,1665.8448637316324,1710.5462931198417,1755.2477225080656,1799.9491518962895,1844.6505812845135,1889.3520106727374,1934.0534400609613
VA,Biomass,128139.1565338918,129663.12451559585,131187.09249729989,132711.06047900347,134235.02846070752,135758.99644241109,137282.96442411514
VA,Coal,407965.64360587113,410508.41044406407,413051.17728225794,415593.94412045088,418136.71095864475,420679.47779683769,423222.24463503063
VA,Ethenol,17030.549266247428,17464.136916333111,17897.72456641891,18331.31221650471,18764.899866590509,19198.487516676192,19632.075166761992
VA,Geothermal,1040.2327044025005,1066.4250047646128,1092.6173051267251,1118.8096054888374,1145.0019058509497,1171.194206213062,1197.3865065751743
VA,Hydropower,11875.621243885413,11919.17649450482,11962.731745124227,12006.28699574362,12049.842246363027,12093.397496982434,12136.952747601841
VA,Natural Gas,357555.02236198075,363147.65415157564,368740.28594116867,374332.91773076355,379925.54952035844,385518.18130995147,391110.81309954636
VA,Nuclear Energy,363737.74004192837,370731.16897274554,377724.59790356271,384718.02683438174,391711.45576519892,398704.88469601609,405698.31362683326
VA,Petroleum,937133.4367575068,943678.03782478347,950222.63889206015,956767.23995933682,963311.84102661349,969856.44209389016,976401.04316116683
VA,Solar,517.70090845562663,530.74390445333847,543.78690045105031,556.82989644876579,569.87289244647764,582.91588844419311,595.95888444190496
VA,Total Consumption,2335995.1963661686,2360798.2001397535,2385601.2039133385,2410404.2076869234,2435207.2114605084,2460010.2152340934,2484813.2190076783
VA,Wood and Waste,111000.09294199827,112089.32191093289,113178.55087986751,114267.77984880214,115357.00881773676,116446.23778667138,117535.466755606
VA,Wind,0.0,0.0,0.0,0.0,0.0,0.0,0.0
VT,Biomass,14528.443745632365,14679.175706752983,14829.90766787366,14980.639628994279,15131.371590114955,15282.103551235574,15432.835512356251
VT,Coal,-533.39482879104617,-589.27517946761509,-645.15553014419856,-701.03588082076749,-756.91623149735096,-812.79658217391989,-868.67693285050336
VT,Ethenol,1017.8574423479949,1044.8825614636808,1071.9076805793666,1098.9327996950524,1125.9579188107382,1152.983037926424,1180.0081570421098
VT,Geothermal,14.945492662473725,15.333409567371746,15.72132647226988,16.1092433771679,16.49716028206592,16.88507718696394,17.27299409186196
VT,Hydropower,12845.908455625438,12935.00142303537,13024.094390445331,13113.187357855291,13202.280325265223,13291.373292675184,13380.466260085144
VT,Natural Gas,10398.513626834319,10581.338364779833,10764.163102725346,10946.987840670801,11129.812578616315,11312.637316561828,11495.462054507283
VT,Nuclear Energy,59931.461914744461,60985.861876627663,62040.261838510865,63094.661800393602,64149.061762276804,65203.461724159541,66257.861686042743
VT,Petroleum,89610.104122990277,90181.177269550273,90752.25041611027,91323.323562670266,91894.39670923003,92465.469855790026,93036.543002350023
VT,Solar,165.54018169112351,169.89383139571692,174.24748110031032,178.60113080490191,182.95478050949532,187.30843021408873,191.66207991868214
VT,Total Consumption,201830.48916841298,203987.23153547943,206143.9739025468,208300.71626961324,210457.45863668062,212614.20100374706,214770.94337081444
VT,Wood and Waste,13510.518518518511,13634.223569023568,13757.928619528626,13881.633670033683,14005.338720538712,14129.043771043769,14252.748821548827
VT,Wind,340.59049615653566,349.61870275078036,358.64690934502505,367.67511593926611,376.7033225335108,385.73152912775549,394.75973572200019
WA,Biomass,114789.03773584915,115739.55627977895,116690.07482370874,117640.59336763876,118591.11191156856,119541.63045549835,120492.14899942838
WA,Coal,114200.79385045357,115804.71025983058,117408.62666920712,119012.54307858413,120616.45948796114,122220.37589733768,123824.29230671469
WA,Ethenol,11156.395527603105,11436.212604027707,11716.02968045231,11995.846756876912,12275.663833301514,12555.480909726233,12835.297986150836
WA,Geothermal,734.71069182390056,753.13855536497431,771.56641890604806,789.99428244711453,808.42214598818828,826.85000952926202,845.2778730703285
WA,Hydropower,877225.56394129619,881590.80465027317,885956.0453592483,890321.28606822528,894686.52677720226,899051.76748617738,903417.00819515437
WA,Natural Gas,311029.52690426167,315219.84640111681,319410.16589797195,323600.48539482709,327790.80489168223,331981.12438853737,336171.44388539251
WA,Nuclear Energy,99916.127882599365,101603.94869449176,103291.76950638415,104979.59031827701,106667.41113016941,108355.2319420618,110043.05275395419
WA,Petroleum,883918.20125785843,892456.62877834588,900995.05629883334,909533.4838193208,918071.91133980826,926610.33886029571,935148.76638078317
WA,Solar,388.18728162124171,396.90654977447048,405.62581792770288,414.34508608093165,423.06435423416406,431.78362238739282,440.50289054062523
WA,Total Consumption,2541618.6436058581,2564585.9659996107,2587553.2883933559,2610520.6107871085,2633487.9331808537,2656455.2555746064,2679422.5779683515
WA,Wood and Waste,103490.73375262041,104159.78265675623,104828.83156089182,105497.88046502764,106166.92936916323,106835.97827329882,107505.02717743465
WA,Wind,24769.364779873751,25424.430569848977,26079.496359824203,26734.562149799429,27389.627939774655,28044.693729749881,28699.759519725107
WI,Biomass,141956.54856743431,143724.80353217572,145493.0584969176,147261.31346165948,149029.56842640135,150797.82339114323,152566.07835588465
WI,Coal,488481.60587001778,492071.37739660405,495661.14892319124,499250.92044977751,502840.69197636377,506430.46350295097,510020.23502953723
WI,Ethenol,14078.025856044726,14433.830163267907,14789.634470491088,15145.438777714269,15501.24308493745,15857.047392160632,16212.851699383813
WI,Geothermal,366.52969951083287,375.70923067149852,384.88876183216053,394.06829299282253,403.24782415348818,412.42735531415019,421.60688647481584
WI,Hydropower,19373.38155136272,19302.870173432486,19232.358795502252,19161.847417571989,19091.336039641756,19020.824661711493,18950.313283781259
WI,Natural Gas,439167.15024458058,443077.00486626849,446986.85948795732,450896.71410964616,454806.56873133499,458716.4233530229,462626.27797471173
WI,Nuclear Energy,158782.63731656037,161315.8907947382,163849.14427291602,166382.39775109384,168915.6512292726,171448.90470745042,173982.15818562824
WI,Petroleum,587544.90216631629,590304.38884441834,593063.87552251946,595823.36220062152,598582.84887872357,601342.33555682469,604101.82223492675
WI,Solar,392.10062893081704,401.52853058890832,410.95643224699597,420.38433390508726,429.81223556317855,439.24013722126983,448.66803887935748
WI,Total Consumption,1969110.6359189264,1985156.1654405594,2001201.6949621923,2017247.2244838215,2033292.7540054545,2049338.2835270837,2065383.8130487166
WI,Wood and Waste,113943.16701607197,114990.75356076448,116038.34010545653,117085.92665014858,118133.5131948411,119181.09973953315,120228.6862842252
WI,Wind,5024.5870020964066,5158.008347627183,5291.4296931579593,5424.8510386887356,5558.2723842195119,5691.6937297503464,5825.1150752811227
WV,Biomass,14192.199860237597,14251.281201956677,14310.362543675757,14369.443885394838,14428.525227113918,14487.606568832998,14546.687910552064
WV,Coal,1020164.969951082,1028481.2523600776,1036797.5347690731,1045113.8171780687,1053430.0995870624,1061746.3819960598,1070062.6644050535
WV,Ethenol,2783.474493361311,2856.3961247697298,2929.3177561781486,3002.2393875865673,3075.1610189950152,3148.0826504034339,3221.0042818118527
WV,Geothermal,17.877707896575771,18.338580776316576,18.799453656057381,19.260326535798185,19.72119941553899,20.182072295279795,20.6429451750206
WV,Hydropower,13874.545772187266,13952.356864239846,14030.167956292455,14107.979048345063,14185.790140397672,14263.601232450281,14341.41232450286
WV,Natural Gas,125609.26135569531,124708.40082586859,123807.54029604211,122906.67976621562,122005.8192363889,121104.95870656241,120204.09817673569
WV,Nuclear Energy,0.0,0.0,0.0,0.0,0.0,0.0,0.0
WV,Petroleum,230702.28721173899,232125.1724032769,233548.05759481527,234970.94278635317,236393.82797789108,237816.71316942899,239239.59836096736
WV,Solar,67.975541579314267,69.61034241788866,71.245143256463052,72.879944095037899,74.514744933612292,76.149545772186684,77.784346610761077
WV,Total Consumption,1423250.8441649117,1432404.6634140052,1441558.4826631024,1450712.301912196,1459866.1211612895,1469019.9404103868,1478173.7596594803
WV,Wood and Waste,11408.754018169129,11394.915443745649,11381.076869322169,11367.238294898689,11353.399720475209,11339.561146051728,11325.722571628252
WV,Wind,4429.4982529699337,4546.9392668826622,4664.3802807953616,4781.8212947080901,4899.2623086207896,5016.7033225335181,5134.1443364462175
WY,Biomass,3144.5744234800732,3174.1690489803586,3203.7636744806441,3233.3582999809296,3262.9529254812151,3292.5475509815005,3322.142176481786
WY,Coal,626863.98742137849,638148.71625690535,649433.4450924322,660718.17392795533,672002.90276348218,683287.63159900531,694572.36043453217
WY,Ethenol,1023.6554856743605,1049.829489867232,1076.0034940601035,1102.1774982529751,1128.3515024458466,1154.5255066387181,1180.6995108315896
WY,Geothermal,804.21663172607077,822.38747220634104,840.55831268661859,858.72915316688886,876.89999364716641,895.07083412744396,913.24167460771423
WY,Hydropower,8826.1111111110731,8795.8242424242053,8765.5373737373375,8735.2505050504624,8704.9636363635946,8674.6767676767267,8644.3898989898516
WY,Natural Gas,140869.43535988731,142350.50438980944,143831.57341973111,145312.64244965278,146793.71147957491,148274.78050949657,149755.8495394187
WY,Nuclear Energy,0.0,0.0,0.0,0.0,0.0,0.0,0.0
WY,Petroleum,168218.87770789629,169574.0840353216,170929.29036274692,172284.49669017224,173639.70301759709,174994.9093450224,176350.11567244772
WY,Solar,5.8846960167714997,6.0320182961692694,6.1793405755670392,6.3266628549647521,6.4739851343625219,6.6213074137602916,6.7686296931580046
WY,Total Consumption,967368.93990216032,981946.25219490007,996523.56448763981,1011100.8767803796,1025678.1890731156,1040255.5013658553,1054832.8136585951
WY,Wood and Waste,1781.217330538082,1776.0804523219576,1770.9435741058351,1765.8066958897107,1760.6698176735863,1755.5329394574637,1750.3960612413393
WY,Wind,15830.979734451394,16248.624788768124,16666.269843084854,17083.914897401701,17501.559951718431,17919.205006035161,18336.850060351891
