State,MSN,1979.9999999999993,1980.9999999999993,1981.9999999999993,1982.9999999999991,1983.9999999999991,1984.9999999999991,1985.9999999999989,1986.9999999999989,1987.9999999999986,1988.9999999999986
AK,Biomass,5972.1333333333605,6088.5575757575862,6204.9818181818118,6321.4060606060375,6437.8303030302923,6554.2545454545179,6670.6787878787436,6787.1030303029984,6903.527272727224,7019.9515151514497
AK,Coal,6216.4000000001397,5275.545454545645,4334.6909090911504,3393.8363636366557,2452.9818181821611,1512.1272727276664,571.27272727317177,-369.58181818132289,-1310.4363636358175,-2251.2909090900794
AK,Ethenol,0.0,0.0,0.0,0.0,0.0,0.0,0.0,0.0,0.0,0.0
AK,Geothermal,0.0,0.0,0.0,0.0,0.0,0.0,0.0,0.0,0.0,0.0
AK,Hydropower,4962.6666666666861,5133.0242424242315,5303.3818181817769,5473.7393939393805,5644.096969696926,5814.4545454544714,5984.812121212075,6155.1696969696204,6325.5272727271658,6495.8848484847695
AK,Natural Gas,149198.06666666642,159436.27878787741,169674.4909090884,179912.7030302994,190150.91515151039,200389.12727272511,210627.3393939361,220865.55151514709,231103.76363635808,241341.97575756907
AK,Nuclear Energy,0.0,0.0,0.0,0.0,0.0,0.0,0.0,0.0,0.0,0.0
AK,Petroleum,157686.66666666418,163380.15151514858,169073.63636363298,174767.12121211737,180460.60606060177,186154.09090908617,191847.57575757056,197541.06060605682,203234.54545454122,208928.03030302562
AK,Solar,0.0,0.0,0.0,0.0,0.0,0.0,0.0,0.0,0.0,0.0
AK,Total Consumption,324036.33333333209,339314.01212120801,354591.69090908766,369869.36969696358,385147.04848484322,400424.72727271914,415702.40606059879,430980.08484847471,446257.76363635436,461535.44242423028
AK,Wood and Waste,5972.1333333333605,6088.5575757575862,6204.9818181818118,6321.4060606060375,6437.8303030302923,6554.2545454545179,6670.6787878787436,6787.1030303029984,6903.527272727224,7019.9515151514497
AK,Wind,0.0,0.0,0.0,0.0,0.0,0.0,0.0,0.0,0.0,0.0
AL,Biomass,69680.066666666418,71360.715151514858,73041.363636363298,74722.012121211737,76402.660606060177,78083.309090908617,79763.957575757056,81444.606060605496,83125.254545453936,84805.90303030191
AL,Coal,620530.93333333358,615849.19393939339,611167.45454545505,606485.71515151486,601803.97575757653,597122.23636363633,592440.496969698,587758.7575757578,583077.01818181947,578395.27878787927
AL,Ethenol,0.0,0.0,0.0,0.0,0.0,0.0,0.0,0.0,0.0,0.0
AL,Geothermal,0.0,0.0,0.0,0.0,0.0,0.0,0.0,0.0,0.0,0.0
AL,Hydropower,112021.80000000098,113131.29090909217,114240.78181818291,115350.2727272741,116459.7636363653,117569.2545454565,118678.74545454723,119788.23636363843,120897.72727272962,122007.21818182082
AL,Natural Gas,246187.40000000037,241098.30909091048,236009.21818182059,230920.12727272883,225831.03636363894,220741.94545454718,215652.85454545729,210563.76363636553,205474.67272727564,200385.58181818575
AL,Nuclear Energy,253440.00000000745,284056.50909091532,314673.01818182319,345289.52727273107,375906.03636363894,406522.54545454681,437139.05454545468,467755.56363636255,498372.07272727042,528988.58181817085
AL,Petroleum,599595.39999999106,622903.41818181425,646211.43636363,669519.45454544574,692827.47272726148,716135.49090907723,739443.50909089297,762751.52727271616,786059.54545453191,809367.56363634765
AL,Solar,0.0,0.0,0.0,0.0,0.0,0.0,0.0,0.0,0.0,0.0
AL,Total Consumption,1971135.6666666865,2019760.151515156,2068384.6363636404,2117009.1212121248,2165633.6060606092,2214258.0909090936,2262882.575757578,2311507.0606060475,2360131.5454545319,2408756.0303030163
AL,Wood and Waste,69680.066666666418,71360.715151514858,73041.363636363298,74722.012121211737,76402.660606060177,78083.309090908617,79763.957575757056,81444.606060605496,83125.254545453936,84805.90303030191
AL,Wind,0.0,0.0,0.0,0.0,0.0,0.0,0.0,0.0,0.0,0.0
AR,Biomass,50846.066666665953,52705.64242424164,54565.218181817327,56424.793939393014,58284.369696968701,60143.945454544388,62003.521212119609,63863.096969695296,65722.672727270983,67582.24848484667
AR,Coal,22698.666666666046,25566.187878786586,28433.709090908058,31301.230303028598,34168.75151515007,37036.272727270611,39903.793939392082,42771.315151513554,45638.836363634095,48506.357575755566
AR,Ethenol,0.0,0.0,0.0,0.0,0.0,0.0,0.0,0.0,0.0,0.0
AR,Geothermal,0.0,0.0,0.0,0.0,0.0,0.0,0.0,0.0,0.0,0.0
AR,Hydropower,31060.800000000396,31566.400000000373,32072.000000000349,32577.600000000442,33083.200000000419,33588.800000000512,34094.400000000489,34600.000000000582,35105.600000000559,35611.200000000652
AR,Natural Gas,198907.19999999925,182897.59999999776,166888.0,150878.39999999851,134868.80000000075,118859.19999999925,102849.60000000149,86840.000000003725,70830.400000002235,54820.80000000447
AR,Nuclear Energy,66443.533333333209,73900.084848484024,81356.636363636702,88813.187878787518,96269.739393938333,103726.29090908915,111182.84242423996,118639.39393939078,126095.94545454159,133552.49696969427
AR,Petroleum,436493.33333333209,452924.01212120801,469354.69090908766,485785.36969696358,502216.04848484322,518646.72727272287,535077.40606059879,551508.08484847844,567938.76363635436,584369.442424234
AR,Solar,0.0,0.0,0.0,0.0,0.0,0.0,0.0,0.0,0.0,0.0
AR,Total Consumption,857295.66666666418,872265.56969696656,887235.47272726893,902205.37575757131,917175.27878787369,932145.18181817606,947115.08484847471,962084.98787877709,977054.89090907946,992024.79393938184
AR,Wood and Waste,50846.066666665953,52705.64242424164,54565.218181817327,56424.793939393014,58284.369696968701,60143.945454544388,62003.521212119609,63863.096969695296,65722.672727270983,67582.24848484667
AR,Wind,0.0,0.0,0.0,0.0,0.0,0.0,0.0,0.0,0.0,0.0
AZ,Biomass,7930.0666666665347,8344.7696969695389,8759.4727272725431,9174.1757575755473,9588.8787878785515,10003.581818181556,10418.28484848456,10832.987878787564,11247.690909090568,11662.393939393573
AZ,Coal,239910.73333332688,267134.97575756907,294359.21818181127,321583.46060605347,348807.70303029567,376031.94545453042,403256.18787877262,430480.43030301481,457704.67272725701,484928.91515149921
AZ,Ethenol,0.0,0.0,0.0,0.0,0.0,0.0,0.0,0.0,0.0,0.0
AZ,Geothermal,0.0,0.0,0.0,0.0,0.0,0.0,0.0,0.0,0.0,0.0
AZ,Hydropower,76701.866666666698,77421.333333333256,78140.800000000047,78860.266666666605,79579.733333333395,80299.199999999953,81018.666666666744,81738.133333333302,82457.600000000093,83177.066666666651
AZ,Natural Gas,165933.06666666642,159905.66060606018,153878.2545454558,147850.84848484956,141823.44242424332,135796.03636363894,129768.6303030327,123741.22424242646,117713.81818182208,111686.41212121584
AZ,Nuclear Energy,0.0,0.0,0.0,0.0,0.0,0.0,0.0,0.0,0.0,0.0
AZ,Petroleum,385668.53333333135,400953.73939393461,416238.94545454159,431524.15151514485,446809.35757575184,462094.5636363551,477379.76969696209,492664.97575756907,507950.18181817234,523235.38787877932
AZ,Solar,0.0,0.0,0.0,0.0,0.0,0.0,0.0,0.0,0.0,0.0
AZ,Total Consumption,884074.33333334327,922105.24848484993,960136.16363637149,998167.07878787816,1036197.9939393997,1074228.9090909064,1112259.8242424279,1150290.7393939346,1188321.6545454562,1226352.5696969628
AZ,Wood and Waste,7930.0666666665347,8344.7696969695389,8759.4727272725431,9174.1757575755473,9588.8787878785515,10003.581818181556,10418.28484848456,10832.987878787564,11247.690909090568,11662.393939393573
AZ,Wind,0.0,0.0,0.0,0.0,0.0,0.0,0.0,0.0,0.0,0.0
CA,Biomass,168457.00000000186,173968.85454545543,179480.70909090899,184992.56363636442,190504.41818181798,196016.27272727154,201528.12727272697,207039.98181818053,212551.83636363409,218063.69090908952
CA,Coal,72649.199999999721,74539.854545454029,76430.509090908337,78321.163636363111,80211.81818181742,82102.472727271728,83993.127272726037,85883.781818180345,87774.436363634653,89665.090909088962
CA,Ethenol,0.0,0.0,0.0,0.0,0.0,0.0,0.0,0.0,0.0,0.0
CA,Geothermal,47198.266666666605,51195.242424242198,55192.218181817792,59189.193939393386,63186.16969696898,67183.145454544574,71180.121212120168,75177.096969695762,79174.072727271356,83171.04848484695
CA,Hydropower,288283.60000000894,275814.14545455575,263344.69090910256,250875.23636364937,238405.78181819618,225936.32727274299,213466.8727272898,200997.41818183288,188527.96363637969,176058.5090909265
CA,Natural Gas,1659558.4666666538,1595854.9878787845,1532151.5090909004,1468448.0303030312,1404744.551515162,1341041.0727272779,1277337.5939394087,1213634.1151515245,1149930.6363636553,1086227.1575757861
CA,Nuclear Energy,97410.133333332837,104880.64848484844,112351.16363636218,119821.67878787778,127292.19393939152,134762.70909090713,142233.22424242273,149703.73939393647,157174.25454545207,164644.76969696581
CA,Petroleum,3877311.0,4017758.2545454502,4158205.5090908408,4298652.763636291,4439100.0181817412,4579547.2727271914,4719994.5272726417,4860441.7818180919,5000889.0363635421,5141336.2909089923
CA,Solar,0.0,0.0,0.0,0.0,0.0,0.0,0.0,0.0,0.0,0.0
CA,Total Consumption,6379324.6666666865,6467980.8424242735,6556637.0181818306,6645293.1939394176,6733949.3696969748,6822605.5454545617,6911261.7212121189,6999917.8969697058,7088574.072727263,7177230.2484848499
CA,Wood and Waste,168457.00000000186,173968.85454545543,179480.70909090899,184992.56363636442,190504.41818181798,196016.27272727154,201528.12727272697,207039.98181818053,212551.83636363409,218063.69090908952
CA,Wind,0.0,0.0,0.0,0.0,0.0,0.0,0.0,0.0,0.0,0.0
CO,Biomass,15437.866666666931,16230.060606060782,17022.254545454634,17814.448484848486,18606.642424242338,19398.836363636423,20191.030303030275,20983.224242424127,21775.418181817979,22567.612121211831
CO,Coal,250090.99999999255,265669.98181817681,281248.96363635734,296827.94545453787,312406.9272727184,327985.90909089893,343564.89090907946,359143.87272725999,374722.85454544052,390301.83636362106
CO,Ethenol,0.0,0.0,0.0,0.0,0.0,0.0,0.0,0.0,0.0,0.0
CO,Geothermal,0.0,0.0,0.0,0.0,0.0,0.0,0.0,0.0,0.0,0.0
CO,Hydropower,14375.733333333439,14418.684848484962,14461.636363636499,14504.587878788036,14547.539393939558,14590.490909091095,14633.442424242632,14676.393939394155,14719.345454545692,14762.296969697214
CO,Natural Gas,250479.59999999963,245483.09090909176,240486.58181818388,235490.07272727415,230493.56363636628,225497.05454545654,220500.54545454867,215504.03636363894,210507.52727273107,205511.01818182319
CO,Nuclear Energy,3793.3333333332557,4275.7393939392641,4758.1454545452725,5240.5515151513973,5722.9575757574057,6205.3636363634141,6687.7696969694225,7170.1757575754309,7652.5818181815557,8134.9878787875641
CO,Petroleum,376426.00000000373,385483.2727272734,394540.54545454681,403597.81818182021,412655.09090909362,421712.3636363633,430769.6363636367,439826.90909091011,448884.18181817979,457941.45454545319
CO,Solar,0.0,0.0,0.0,0.0,0.0,0.0,0.0,0.0,0.0,0.0
CO,Total Consumption,926041.39999999851,947790.89090908319,969540.38181817532,991289.87272726744,1013039.3636363521,1034788.8545454443,1056538.3454545364,1078287.8363636285,1100037.3272727132,1121786.8181818053
CO,Wood and Waste,15437.866666666931,16230.060606060782,17022.254545454634,17814.448484848486,18606.642424242338,19398.836363636423,20191.030303030275,20983.224242424127,21775.418181817979,22567.612121211831
CO,Wind,0.0,0.0,0.0,0.0,0.0,0.0,0.0,0.0,0.0,0.0
CT,Biomass,23621.333333333489,24494.57575757592,25367.818181818118,26241.06060606055,27114.303030302981,27987.545454545412,28860.787878787611,29734.030303030042,30607.272727272473,31480.515151514905
CT,Coal,-13010.466666664928,-17264.22424242273,-21517.981818180531,-25771.739393938333,-30025.496969696134,-34279.254545453936,-38533.012121209875,-42786.769696967676,-47040.527272725478,-51294.284848483279
CT,Ethenol,0.0,0.0,0.0,0.0,0.0,0.0,0.0,0.0,0.0,0.0
CT,Geothermal,0.0,0.0,0.0,0.0,0.0,0.0,0.0,0.0,0.0,0.0
CT,Hydropower,4519.00000000004,4534.090909090959,4549.1818181818744,4564.2727272727898,4579.3636363637052,4594.4545454546205,4609.5454545455359,4624.6363636364513,4639.7272727273703,4654.8181818182857
CT,Natural Gas,68132.666666666977,68704.22424242436,69275.781818181975,69847.33939393959,70418.896969696973,70990.454545454588,71562.012121212203,72133.569696969818,72705.127272727201,73276.684848484816
CT,Nuclear Energy,164070.4666666612,175699.27878787369,187328.09090908617,198956.90303029865,210585.71515150741,222214.52727271989,233843.33939393237,245472.15151514485,257100.96363635361,268729.77575756609
CT,Petroleum,543795.46666666772,540003.18787878845,536210.90909091011,532418.63030303176,528626.35151515342,524834.07272727508,521041.79393939581,517249.51515151747,513457.23636363912,509664.95757576078
CT,Solar,0.0,0.0,0.0,0.0,0.0,0.0,0.0,0.0,0.0,0.0
CT,Total Consumption,814749.80000000075,820665.70909090899,826581.6181818191,832497.52727272734,838413.43636363558,844329.34545454383,850245.25454545394,856161.16363636218,862077.07272727042,867992.98181817867
CT,Wood and Waste,23621.333333333489,24494.57575757592,25367.818181818118,26241.06060606055,27114.303030302981,27987.545454545412,28860.787878787611,29734.030303030042,30607.272727272473,31480.515151514905
CT,Wind,0.0,0.0,0.0,0.0,0.0,0.0,0.0,0.0,0.0,0.0
DC,Biomass,201.0666666666657,212.76969696969536,224.47272727272502,236.17575757575469,247.87878787878435,259.58181818181401,271.28484848484368,282.98787878787334,294.69090909090301,306.39393939393267
DC,Coal,-2347.6666666669771,-4731.7333333333954,-7115.7999999998137,-9499.866666666232,-11883.93333333265,-14268.0,-16652.066666666418,-19036.133333332837,-21420.199999999255,-23804.266666665673
DC,Ethenol,0.0,0.0,0.0,0.0,0.0,0.0,0.0,0.0,0.0,0.0
DC,Geothermal,0.0,0.0,0.0,0.0,0.0,0.0,0.0,0.0,0.0,0.0
DC,Hydropower,-1.4666666666671517,-2.8060606060607824,-4.1454545454548679,-5.4848484848484986,-6.8242424242425841,-8.1636363636362148,-9.5030303030303003,-10.842424242423931,-12.181818181817562,-13.521212121211647
DC,Natural Gas,28131.200000000041,28211.072727272753,28290.945454545494,28370.818181818235,28450.690909090947,28530.563636363688,28610.4363636364,28690.309090909141,28770.181818181882,28850.054545454594
DC,Nuclear Energy,0.0,0.0,0.0,0.0,0.0,0.0,0.0,0.0,0.0,0.0
DC,Petroleum,54310.333333333954,46687.721212122589,39065.109090911224,31442.49696969986,23819.884848486632,16197.272727275267,8574.6606060639024,952.04848485253751,-6670.5636363588274,-14293.175757572055
DC,Solar,0.0,0.0,0.0,0.0,0.0,0.0,0.0,0.0,0.0,0.0
DC,Total Consumption,143667.00000000186,137742.76363636553,131818.5272727292,125894.29090909287,119970.05454545654,114045.81818182021,108121.58181818388,102197.34545454755,96273.109090913087,90348.872727276757
DC,Wood and Waste,201.0666666666657,212.76969696969536,224.47272727272502,236.17575757575469,247.87878787878435,259.58181818181401,271.28484848484368,282.98787878787334,294.69090909090301,306.39393939393267
DC,Wind,0.0,0.0,0.0,0.0,0.0,0.0,0.0,0.0,0.0,0.0
DE,Biomass,10322.866666666698,10619.787878787844,10916.709090909106,11213.630303030252,11510.551515151514,11807.47272727266,12104.393939393922,12401.315151515068,12698.23636363633,12995.157575757476
DE,Coal,16168.199999999721,14630.199999999721,13092.199999999721,11554.199999999721,10016.199999999721,8478.1999999997206,6940.1999999997206,5402.2000000001863,3864.2000000001863,2326.2000000001863
DE,Ethenol,0.0,0.0,0.0,0.0,0.0,0.0,0.0,0.0,0.0,0.0
DE,Geothermal,0.0,0.0,0.0,0.0,0.0,0.0,0.0,0.0,0.0,0.0
DE,Hydropower,0.0,0.0,0.0,0.0,0.0,0.0,0.0,0.0,0.0,0.0
DE,Natural Gas,18949.133333333535,18310.830303030554,17672.527272727573,17034.224242424592,16395.921212121611,15757.618181818398,15119.315151515417,14481.012121212436,13842.709090909455,13204.406060606474
DE,Nuclear Energy,0.0,0.0,0.0,0.0,0.0,0.0,0.0,0.0,0.0,0.0
DE,Petroleum,198076.26666666754,201523.91515151598,204971.56363636442,208419.21212121285,211866.86060606036,215314.5090909088,218762.15757575724,222209.80606060568,225657.45454545412,229105.10303030256
DE,Solar,0.0,0.0,0.0,0.0,0.0,0.0,0.0,0.0,0.0,0.0
DE,Total Consumption,253839.33333333302,255704.52121212101,257569.70909090852,259434.89696969651,261300.08484848449,263165.27272727201,265030.46060605999,266895.64848484751,268760.83636363549,270626.02424242347
DE,Wood and Waste,10322.866666666698,10619.787878787844,10916.709090909106,11213.630303030252,11510.551515151514,11807.47272727266,12104.393939393922,12401.315151515068,12698.23636363633,12995.157575757476
DE,Wind,0.0,0.0,0.0,0.0,0.0,0.0,0.0,0.0,0.0,0.0
FL,Biomass,64141.133333332837,65993.030303029809,67844.927272726782,69696.824242423754,71548.721212120261,73400.618181817234,75252.515151514206,77104.412121211179,78956.309090907685,80808.206060604658
FL,Coal,190787.26666666567,198754.49696969613,206721.7272727266,214688.95757575706,222656.18787878565,230623.41818181612,238590.64848484658,246557.87878787518,254525.10909090564,262492.3393939361
FL,Ethenol,0.0,0.0,0.0,0.0,0.0,0.0,0.0,0.0,0.0,0.0
FL,Geothermal,0.0,0.0,0.0,0.0,0.0,0.0,0.0,0.0,0.0,0.0
FL,Hydropower,2368.5999999999767,2330.9090909090592,2293.2181818181562,2255.5272727272386,2217.8363636363356,2180.145454545418,2142.454545454515,2104.7636363635975,2067.0727272726945,2029.3818181817769
FL,Natural Gas,319808.53333333251,319072.66666666558,318336.79999999888,317600.93333333218,316865.06666666525,316129.19999999856,315393.33333333186,314657.46666666516,313921.59999999823,313185.73333333153
FL,Nuclear Energy,212266.06666666269,235280.33333332837,258294.59999999404,281308.86666665971,304323.13333332539,327337.39999999106,350351.66666664928,373365.93333331496,396380.19999998063,419394.4666666463
FL,Petroleum,1691063.0666666627,1745619.6060605943,1800176.1454545408,1854732.6848484725,1909289.2242424041,1963845.7636363506,2018402.3030302823,2072958.8424242139,2127515.3818181604,2182071.921212092
FL,Solar,0.0,0.0,0.0,0.0,0.0,0.0,0.0,0.0,0.0,0.0
FL,Total Consumption,2544575.7999999821,2633044.072727263,2721512.345454514,2809980.6181817949,2898448.8909090757,2986917.1636363268,3075385.4363636076,3163853.7090908587,3252321.9818181396,3340790.2545454204
FL,Wood and Waste,64141.133333332837,65993.030303029809,67844.927272726782,69696.824242423754,71548.721212120261,73400.618181817234,75252.515151514206,77104.412121211179,78956.309090907685,80808.206060604658
FL,Wind,0.0,0.0,0.0,0.0,0.0,0.0,0.0,0.0,0.0,0.0
GA,Biomass,103732.40000000037,107048.05454545468,110363.70909090899,113679.3636363633,116995.01818181761,120310.67272727191,123626.32727272622,126941.98181818146,130257.63636363577,133573.29090909008
GA,Coal,488181.86666665971,518595.78787877411,549009.70909089595,579423.6303030178,609837.55151513219,640251.47272725403,670665.39393937588,701079.31515149772,731493.23636361212,761907.15757573396
GA,Ethenol,0.0,0.0,0.0,0.0,0.0,0.0,0.0,0.0,0.0,0.0
GA,Geothermal,0.0,0.0,0.0,0.0,0.0,0.0,0.0,0.0,0.0,0.0
GA,Hydropower,48046.466666666791,49578.242424242198,51110.018181818072,52641.793939393945,54173.569696969353,55705.345454545226,57237.121212121099,58768.896969696507,60300.67272727238,61832.448484848253
GA,Natural Gas,280229.66666666791,272605.29696969874,264980.92727272958,257356.55757576041,249732.18787879124,242107.81818182208,234483.44848485291,226859.07878788374,219234.70909091458,211610.33939394541
GA,Nuclear Energy,62141.0,69395.218181818724,76649.436363635585,83903.654545454308,91157.872727271169,98412.090909089893,105666.30909090675,112920.52727272362,120174.74545454234,127428.9636363592
GA,Petroleum,796437.13333332539,816545.81212120503,836654.49090908468,856763.16969696432,876871.84848483652,896980.52727271616,917089.20606059581,937197.88484847546,957306.56363634765,977415.2424242273
GA,Solar,0.0,0.0,0.0,0.0,0.0,0.0,0.0,0.0,0.0,0.0
GA,Total Consumption,1882500.9333333522,1940816.4666666836,1999132.0000000149,2057447.5333333462,2115763.0666666776,2174078.6000000089,2232394.1333333403,2290709.6666666716,2349025.200000003,2407340.7333333343
GA,Wood and Waste,103732.40000000037,107048.05454545468,110363.70909090899,113679.3636363633,116995.01818181761,120310.67272727191,123626.32727272622,126941.98181818146,130257.63636363577,133573.29090909008
GA,Wind,0.0,0.0,0.0,0.0,0.0,0.0,0.0,0.0,0.0,0.0
HI,Biomass,431.86666666666861,423.26060606060855,414.6545454545485,406.04848484848844,397.44242424242839,388.83636363636833,380.23030303030828,371.62424242424822,363.01818181818817,354.41212121212811
HI,Coal,0.0,0.0,0.0,0.0,0.0,0.0,0.0,0.0,0.0,0.0
HI,Ethenol,0.0,0.0,0.0,0.0,0.0,0.0,0.0,0.0,0.0,0.0
HI,Geothermal,0.0,0.0,0.0,0.0,0.0,0.0,0.0,0.0,0.0,0.0
HI,Hydropower,866.79999999999563,851.01818181817725,835.23636363635887,819.45454545454049,803.67272727272211,787.89090909090373,772.10909090908535,756.32727272726697,740.54545454544859,724.76363636363021
HI,Natural Gas,0.0,0.0,0.0,0.0,0.0,0.0,0.0,0.0,0.0,0.0
HI,Nuclear Energy,0.0,0.0,0.0,0.0,0.0,0.0,0.0,0.0,0.0,0.0
HI,Petroleum,247181.00000000186,251933.07272727415,256685.14545454644,261437.21818181872,266189.29090909287,270941.36363636516,275693.43636363745,280445.50909090973,285197.58181818202,289949.65454545431
HI,Solar,0.0,0.0,0.0,0.0,0.0,0.0,0.0,0.0,0.0,0.0
HI,Total Consumption,248911.53333333507,253630.61212121323,258349.69090909325,263068.7696969714,267787.84848484956,272506.92727272771,277226.00606060587,281945.08484848589,286664.16363636404,291383.2424242422
HI,Wood and Waste,431.86666666666861,423.26060606060855,414.6545454545485,406.04848484848844,397.44242424242839,388.83636363636833,380.23030303030828,371.62424242424822,363.01818181818817,354.41212121212811
HI,Wind,0.0,0.0,0.0,0.0,0.0,0.0,0.0,0.0,0.0,0.0
IA,Biomass,10137.666666666744,10538.533333333326,10939.400000000023,11340.266666666605,11741.133333333302,12141.999999999884,12542.866666666581,12943.733333333279,13344.59999999986,13745.466666666558
IA,Coal,211770.13333333284,221470.55757575482,231170.98181818053,240871.40606060252,250571.83030302823,260272.25454545021,269972.6787878722,279673.10303029791,289373.52727271989,299073.9515151456
IA,Ethenol,0.0,0.0,0.0,0.0,0.0,0.0,0.0,0.0,0.0,0.0
IA,Geothermal,0.0,0.0,0.0,0.0,0.0,0.0,0.0,0.0,0.0,0.0
IA,Hydropower,8352.7333333333372,8211.1393939394038,8069.5454545454704,7927.951515151537,7786.3575757576036,7644.7636363636702,7503.1696969697368,7361.5757575758034,7219.98181818187,7078.3878787879949
IA,Natural Gas,265627.0,254602.72727273032,243578.45454545692,232554.18181818724,221529.90909091383,210505.63636364043,199481.36363637075,188457.09090909734,177432.81818182766,166408.54545455426
IA,Nuclear Energy,35105.933333334513,38884.83030303102,42663.727272727527,46442.624242424034,50221.521212121472,54000.418181817979,57779.315151514485,61558.212121210992,65337.109090908431,69116.006060604937
IA,Petroleum,436077.59999999776,444455.72727272473,452833.8545454517,461211.98181817867,469590.10909090564,477968.2363636326,486346.36363635957,494724.49090908654,503102.61818181351,511480.74545454048
IA,Solar,0.0,0.0,0.0,0.0,0.0,0.0,0.0,0.0,0.0,0.0
IA,Total Consumption,977208.73333333433,988702.04848485067,1000195.3636363633,1011688.6787878796,1023181.993939396,1034675.3090909086,1046168.624242425,1057661.9393939376,1069155.2545454539,1080648.5696969666
IA,Wood and Waste,10137.666666666744,10538.533333333326,10939.400000000023,11340.266666666605,11741.133333333302,12141.999999999884,12542.866666666581,12943.733333333279,13344.59999999986,13745.466666666558
IA,Wind,0.0,0.0,0.0,0.0,0.0,0.0,0.0,0.0,0.0,0.0
ID,Biomass,17753.666666666511,18583.242424242198,19412.818181818118,20242.393939393805,21071.969696969492,21901.545454545179,22731.121212120866,23560.696969696553,24390.27272727224,25219.848484847927
ID,Coal,13446.266666666605,13771.38787878782,14096.509090909036,14421.630303030252,14746.751515151467,15071.872727272683,15396.993939393898,15722.115151515114,16047.23636363633,16372.357575757545
ID,Ethenol,0.0,0.0,0.0,0.0,0.0,0.0,0.0,0.0,0.0,0.0
ID,Geothermal,0.0,0.0,0.0,0.0,0.0,0.0,0.0,0.0,0.0,0.0
ID,Hydropower,102624.93333333451,104862.95757575799,107100.98181818239,109339.0060606068,111577.03030303121,113815.05454545468,116053.07878787909,118291.10303030349,120529.1272727279,122767.15151515231
ID,Natural Gas,52294.866666667163,51939.787878788426,51584.709090909804,51229.630303031066,50874.551515152329,50519.472727273707,50164.393939394969,49809.315151516232,49454.236363637494,49099.157575758873
ID,Nuclear Energy,0.0,0.0,0.0,0.0,0.0,0.0,0.0,0.0,0.0,0.0
ID,Petroleum,145926.46666666679,150007.13333333377,154087.79999999981,158168.46666666679,162249.13333333284,166329.79999999981,170410.46666666586,174491.13333333191,178571.79999999888,182652.46666666493
ID,Solar,0.0,0.0,0.0,0.0,0.0,0.0,0.0,0.0,0.0,0.0
ID,Total Consumption,349799.86666666716,357747.75151515193,365695.6363636367,373643.52121212147,381591.40606060438,389539.29090908915,397487.17575757392,405435.06060605869,413382.94545454346,421330.83030302823
ID,Wood and Waste,17753.666666666511,18583.242424242198,19412.818181818118,20242.393939393805,21071.969696969492,21901.545454545179,22731.121212120866,23560.696969696553,24390.27272727224,25219.848484847927
ID,Wind,0.0,0.0,0.0,0.0,0.0,0.0,0.0,0.0,0.0,0.0
IL,Biomass,61033.066666666418,63653.460606059991,66273.854545454495,68894.248484848067,71514.64242424164,74135.036363635212,76755.430303028785,79375.824242423289,81996.218181816861,84616.612121210434
IL,Coal,838293.66666666232,833779.51515151188,829265.36363635957,824751.21212120727,820237.06060605682,815722.90909090452,811208.75757575408,806694.60606060177,802180.45454544947,797666.30303029902
IL,Ethenol,0.0,0.0,0.0,0.0,0.0,0.0,0.0,0.0,0.0,0.0
IL,Geothermal,0.0,0.0,0.0,0.0,0.0,0.0,0.0,0.0,0.0,0.0
IL,Hydropower,1224.0666666666439,1191.7333333333154,1159.3999999999796,1127.0666666666439,1094.7333333333154,1062.3999999999796,1030.0666666666439,997.73333333330811,965.39999999997963,933.06666666664387
IL,Natural Gas,1164977.8000000007,1159550.3272727281,1154122.8545454554,1148695.3818181828,1143267.9090909101,1137840.4363636393,1132412.9636363667,1126985.490909094,1121558.0181818213,1116130.5454545487
IL,Nuclear Energy,406121.53333333135,440730.30303029716,475339.07272726297,509947.84242422879,544556.6121211946,579165.38181816041,613774.15151512623,648382.92121210694,682991.69090907276,717600.46060603857
IL,Petroleum,1780223.8666666672,1804582.060606055,1828940.2545454502,1853298.4484848455,1877656.6424242333,1902014.8363636285,1926373.0303030238,1950731.2242424116,1975089.4181818068,1999447.6121212021
IL,Solar,0.0,0.0,0.0,0.0,0.0,0.0,0.0,0.0,0.0,0.0
IL,Total Consumption,4312907.0666666776,4367140.8606060743,4421374.6545454711,4475608.4484848529,4529842.2424242496,4584076.0363636464,4638309.8303030282,4692543.624242425,4746777.4181818068,4801011.2121212035
IL,Wood and Waste,61033.066666666418,63653.460606059991,66273.854545454495,68894.248484848067,71514.64242424164,74135.036363635212,76755.430303028785,79375.824242423289,81996.218181816861,84616.612121210434
IL,Wind,0.0,0.0,0.0,0.0,0.0,0.0,0.0,0.0,0.0,0.0
IN,Biomass,44381.599999999627,46827.599999999627,49273.599999999627,51719.599999998696,54165.599999998696,56611.599999998696,59057.599999998696,61503.599999998696,63949.599999998696,66395.599999997765
IN,Coal,1149062.4000000022,1164961.3454545476,1180860.2909090929,1196759.2363636345,1212658.1818181798,1228557.1272727251,1244456.0727272704,1260355.018181812,1276253.9636363573,1292152.9090909027
IN,Ethenol,0.0,0.0,0.0,0.0,0.0,0.0,0.0,0.0,0.0,0.0
IN,Geothermal,0.0,0.0,0.0,0.0,0.0,0.0,0.0,0.0,0.0,0.0
IN,Hydropower,4113.6666666666279,4041.4060606060375,3969.145454545418,3896.8848484848277,3824.6242424242082,3752.3636363636178,3680.1030303029984,3607.842424242408,3535.5818181817885,3463.3212121211982
IN,Natural Gas,408343.33333333582,391782.93939394131,375222.54545455053,358662.15151515603,342101.75757576525,325541.36363637075,308980.96969697624,292420.57575758547,275860.18181819096,259299.78787880018
IN,Nuclear Energy,0.0,0.0,0.0,0.0,0.0,0.0,0.0,0.0,0.0,0.0
IN,Petroleum,931130.39999999851,947238.72727272287,963347.05454545096,979455.38181817532,995563.7090909034,1011672.0363636315,1027780.3636363558,1043888.6909090839,1059997.018181812,1076105.3454545364
IN,Solar,0.0,0.0,0.0,0.0,0.0,0.0,0.0,0.0,0.0,0.0
IN,Total Consumption,2581413.0,2601679.6181818172,2621946.2363636345,2642212.8545454592,2662479.4727272764,2682746.0909090936,2703012.7090909109,2723279.3272727281,2743545.9454545453,2763812.5636363626
IN,Wood and Waste,44381.599999999627,46827.599999999627,49273.599999999627,51719.599999998696,54165.599999998696,56611.599999998696,59057.599999998696,61503.599999998696,63949.599999998696,66395.599999997765
IN,Wind,0.0,0.0,0.0,0.0,0.0,0.0,0.0,0.0,0.0,0.0
KS,Biomass,8300.4000000000233,8728.4545454544714,9156.5090909090359,9584.5636363636004,10012.618181818048,10440.672727272613,10868.727272727177,11296.781818181626,11724.83636363619,12152.890909090755
KS,Coal,149657.06666666269,165827.93333332613,181998.79999999329,198169.66666665673,214340.5333333239,230511.39999999106,246682.2666666545,262853.13333332166,279023.9999999851,295194.86666665226
KS,Ethenol,0.0,0.0,0.0,0.0,0.0,0.0,0.0,0.0,0.0,0.0
KS,Geothermal,0.0,0.0,0.0,0.0,0.0,0.0,0.0,0.0,0.0,0.0
KS,Hydropower,34.800000000000182,31.709090909092083,28.618181818183075,25.527272727274067,22.436363636365058,19.34545454545605,16.254545454547042,13.163636363638034,10.072727272729026,6.9818181818200173
KS,Natural Gas,498070.86666667089,487613.82424243167,477156.78181818873,466699.73939394578,456242.69696970657,445785.65454546362,435328.61212122068,424871.56969698146,414414.52727273852,403957.48484849557
KS,Nuclear Energy,0.0,0.0,0.0,0.0,0.0,0.0,0.0,0.0,0.0,0.0
KS,Petroleum,458151.73333333433,473984.01212121174,489816.29090909287,505648.56969697028,521480.84848484769,537313.12727272511,553145.40606060252,568977.68484847993,584809.96363635734,600642.24242423847
KS,Solar,0.0,0.0,0.0,0.0,0.0,0.0,0.0,0.0,0.0,0.0
KS,Total Consumption,1122515.2666666657,1144914.387878783,1167313.5090909079,1189712.6303030252,1212111.7515151426,1234510.8727272674,1256909.9939393848,1279309.1151515022,1301708.236363627,1324107.3575757444
KS,Wood and Waste,8300.4000000000233,8728.4545454544714,9156.5090909090359,9584.5636363636004,10012.618181818048,10440.672727272613,10868.727272727177,11296.781818181626,11724.83636363619,12152.890909090755
KS,Wind,0.0,0.0,0.0,0.0,0.0,0.0,0.0,0.0,0.0,0.0
KY,Biomass,40466.133333333768,42184.830303030554,43903.52727272734,45622.224242424592,47340.921212121379,49059.618181818165,50778.315151514951,52497.012121211737,54215.709090908989,55934.406060605776
KY,Coal,632838.86666666716,641642.49696969613,650446.12727272511,659249.7575757578,668053.38787878677,676857.01818181574,685660.64848484471,694464.27878787741,703267.90909090638,712071.53939393535
KY,Ethenol,0.0,0.0,0.0,0.0,0.0,0.0,0.0,0.0,0.0,0.0
KY,Geothermal,0.0,0.0,0.0,0.0,0.0,0.0,0.0,0.0,0.0,0.0
KY,Hydropower,36038.666666666832,36012.696969697165,35986.727272727505,35960.757575757838,35934.787878788171,35908.818181818504,35882.848484848837,35856.878787879177,35830.90909090951,35804.939393939843
KY,Natural Gas,211362.93333333358,206927.70303030312,202492.47272727266,198057.2424242422,193622.01212121174,189186.78181818314,184751.55151515268,180316.32121212222,175881.09090909176,171445.86060606129
KY,Nuclear Energy,0.0,0.0,0.0,0.0,0.0,0.0,0.0,0.0,0.0,0.0
KY,Petroleum,521577.19999999553,538601.30909090489,555625.41818181425,572649.52727272362,589673.63636362553,606697.74545453489,623721.85454544425,640745.96363635361,657770.07272726297,674794.18181817234
KY,Solar,0.0,0.0,0.0,0.0,0.0,0.0,0.0,0.0,0.0,0.0
KY,Total Consumption,1482749.9333333373,1507553.8666666672,1532357.799999997,1557161.7333333343,1581965.6666666642,1606769.599999994,1631573.5333333313,1656377.4666666612,1681181.3999999911,1705985.3333333284
KY,Wood and Waste,40466.133333333768,42184.830303030554,43903.52727272734,45622.224242424592,47340.921212121379,49059.618181818165,50778.315151514951,52497.012121211737,54215.709090908989,55934.406060605776
KY,Wind,0.0,0.0,0.0,0.0,0.0,0.0,0.0,0.0,0.0,0.0
LA,Biomass,47056.399999999907,47506.854545454378,47957.30909090885,48407.763636363437,48858.218181817909,49308.672727272497,49759.127272726968,50209.581818181556,50660.036363636027,51110.490909090615
LA,Coal,2729.266666666721,3079.3333333333721,3429.4000000000233,3779.4666666666744,4129.5333333333256,4479.5999999999767,4829.6666666666279,5179.733333333279,5529.7999999999302,5879.8666666665813
LA,Ethenol,0.0,0.0,0.0,0.0,0.0,0.0,0.0,0.0,0.0,0.0
LA,Geothermal,0.0,0.0,0.0,0.0,0.0,0.0,0.0,0.0,0.0,0.0
LA,Hydropower,0.0,0.0,0.0,0.0,0.0,0.0,0.0,0.0,0.0,0.0
LA,Natural Gas,2249312.9999999776,2283353.5272727087,2317394.0545454398,2351434.5818181559,2385475.109090887,2419515.6363636032,2453556.1636363342,2487596.6909090653,2521637.2181817815,2555677.7454545125
LA,Nuclear Energy,0.0,0.0,0.0,0.0,0.0,0.0,0.0,0.0,0.0,0.0
LA,Petroleum,1892285.3999999464,1997957.6363635659,2103629.8727272153,2209302.1090908349,2314974.3454544842,2420646.5818181038,2526318.8181817234,2631991.0545453727,2737663.2909089923,2843335.5272726119
LA,Solar,0.0,0.0,0.0,0.0,0.0,0.0,0.0,0.0,0.0,0.0
LA,Total Consumption,4238440.4666666985,4379404.2060605884,4520367.9454545379,4661331.6848484874,4802295.4242423773,4943259.1636363268,5084222.9030302763,5225186.6424241662,5366150.3818181157,5507114.1212120652
LA,Wood and Waste,47056.399999999907,47506.854545454378,47957.30909090885,48407.763636363437,48858.218181817909,49308.672727272497,49759.127272726968,50209.581818181556,50660.036363636027,51110.490909090615
LA,Wind,0.0,0.0,0.0,0.0,0.0,0.0,0.0,0.0,0.0,0.0
MA,Biomass,64592.399999999907,66097.836363635957,67603.272727272008,69108.709090908524,70614.145454544574,72119.58181818109,73625.01818181714,75130.454545453191,76635.890909089707,78141.327272725757
MA,Coal,3263.2666666670702,1784.5515151517466,305.83636363688856,-1172.8787878784351,-2651.5939393932931,-4130.3090909086168,-5609.0242424234748,-7087.7393939387985,-8566.4545454536565,-10045.169696968514
MA,Ethenol,0.0,0.0,0.0,0.0,0.0,0.0,0.0,0.0,0.0,0.0
MA,Geothermal,0.0,0.0,0.0,0.0,0.0,0.0,0.0,0.0,0.0,0.0
MA,Hydropower,2460.6666666667443,1906.4606060606893,1352.2545454546344,798.04848484857939,243.84242424252443,-310.3636363632977,-864.56969696935266,-1418.7757575754076,-1972.9818181814626,-2527.1878787875175
MA,Natural Gas,160952.06666666653,161550.4242424242,162148.78181818186,162747.13939393929,163345.49696969695,163943.85454545461,164542.21212121204,165140.5696969697,165738.92727272736,166337.28484848503
MA,Nuclear Energy,67297.800000000745,72592.52727272734,77887.254545455799,83181.981818182394,88476.709090908989,93771.436363635585,99066.163636364043,104360.89090909064,109655.61818181723,114950.34545454383
MA,Petroleum,1074258.200000003,1051947.4363636449,1029636.6727272794,1007325.9090909213,985015.14545455575,962704.38181819022,940393.61818183213,918082.8545454666,895772.09090910852,873461.32727274299
MA,Solar,0.0,0.0,0.0,0.0,0.0,0.0,0.0,0.0,0.0,0.0
MA,Total Consumption,1437416.8000000045,1421977.0727272779,1406537.3454545513,1391097.6181818247,1375657.8909090981,1360218.1636363715,1344778.4363636449,1329338.7090909183,1313898.9818181917,1298459.2545454651
MA,Wood and Waste,64592.399999999907,66097.836363635957,67603.272727272008,69108.709090908524,70614.145454544574,72119.58181818109,73625.01818181714,75130.454545453191,76635.890909089707,78141.327272725757
MA,Wind,0.0,0.0,0.0,0.0,0.0,0.0,0.0,0.0,0.0,0.0
MD,Biomass,42179.26666666707,43499.042424242944,44818.818181818351,46138.593939394224,47458.369696969632,48778.145454545505,50097.921212120913,51417.696969696786,52737.472727272194,54057.248484848067
MD,Coal,192756.46666666679,184738.15151515231,176719.83636363782,168701.52121212147,160683.20606060699,152664.8909090925,144646.57575757615,136628.26060606167,128609.94545454718,120591.63030303083
MD,Ethenol,0.0,0.0,0.0,0.0,0.0,0.0,0.0,0.0,0.0,0.0
MD,Geothermal,0.0,0.0,0.0,0.0,0.0,0.0,0.0,0.0,0.0,0.0
MD,Hydropower,21533.533333333355,21580.448484848515,21627.363636363661,21674.278787878822,21721.193939393968,21768.109090909129,21815.02424242429,21861.939393939436,21908.854545454597,21955.769696969743
MD,Natural Gas,149095.33333333442,147046.06666666782,144996.80000000168,142947.53333333507,140898.26666666847,138849.00000000233,136799.73333333572,134750.46666666912,132701.20000000251,130651.93333333638
MD,Nuclear Energy,130060.06666666269,145526.96969696507,160993.87272726744,176460.77575756982,191927.6787878722,207394.58181817457,222861.48484847695,238328.38787877932,253795.2909090817,269262.19393938407
MD,Petroleum,632195.86666666996,634731.69696970098,637267.527272732,639803.35757576209,642339.18787879311,644875.01818182413,647410.84848485421,649946.67878788523,652482.50909091625,655018.33939394727
MD,Solar,0.0,0.0,0.0,0.0,0.0,0.0,0.0,0.0,0.0,0.0
MD,Total Consumption,1209999.799999997,1220621.4181818143,1231243.0363636315,1241864.6545454524,1252486.2727272697,1263107.8909090869,1273729.5090909041,1284351.1272727214,1294972.7454545386,1305594.3636363558
MD,Wood and Waste,42179.26666666707,43499.042424242944,44818.818181818351,46138.593939394224,47458.369696969632,48778.145454545505,50097.921212120913,51417.696969696786,52737.472727272194,54057.248484848067
MD,Wind,0.0,0.0,0.0,0.0,0.0,0.0,0.0,0.0,0.0,0.0
ME,Biomass,47563.600000000093,49609.52727272734,51655.454545454588,53701.381818181835,55747.309090908617,57793.236363635864,59839.163636363111,61885.090909090359,63931.018181817606,65976.945454544388
ME,Coal,393.46666666673264,215.82424242427805,38.181818181881681,-139.46060606051469,-317.10303030296927,-494.74545454536565,-672.38787878776202,-850.0303030302166,-1027.672727272613,-1205.3151515150093
ME,Ethenol,0.0,0.0,0.0,0.0,0.0,0.0,0.0,0.0,0.0,0.0
ME,Geothermal,0.0,0.0,0.0,0.0,0.0,0.0,0.0,0.0,0.0,0.0
ME,Hydropower,30636.199999999779,30833.290909090661,31030.381818181544,31227.472727272427,31424.563636363309,31621.654545454192,31818.745454545075,32015.836363635957,32212.92727272684,32410.018181817723
ME,Natural Gas,2358.4666666666744,2458.7333333333372,2559.0,2659.2666666666628,2759.5333333333256,2859.7999999999884,2960.0666666666511,3060.3333333333139,3160.5999999999767,3260.8666666666395
ME,Nuclear Energy,76199.266666665673,83599.187878785655,90999.109090907499,98399.030303027481,105798.95151514933,113198.87272726931,120598.79393939115,127998.71515151113,135398.63636363298,142798.55757575296
ME,Petroleum,235390.66666666791,231257.00606060866,227123.34545454849,222989.68484848831,218856.02424242813,214722.36363636795,210588.70303030778,206455.0424242476,202321.38181818742,198187.72121212725
ME,Solar,0.0,0.0,0.0,0.0,0.0,0.0,0.0,0.0,0.0,0.0
ME,Total Consumption,440105.26666666567,447583.09696969576,455060.92727272585,462538.75757575594,470016.58787878603,477494.41818181612,484972.2484848462,492450.07878787629,499927.90909090638,507405.73939393647
ME,Wood and Waste,47563.600000000093,49609.52727272734,51655.454545454588,53701.381818181835,55747.309090908617,57793.236363635864,59839.163636363111,61885.090909090359,63931.018181817606,65976.945454544388
ME,Wind,0.0,0.0,0.0,0.0,0.0,0.0,0.0,0.0,0.0,0.0
MI,Biomass,55633.866666667163,58080.551515152678,60527.236363637261,62973.921212121844,65420.606060606427,67867.290909091011,70313.975757575594,72760.660606060177,75207.34545454476,77654.030303029343
MI,Coal,669410.66666666791,652880.31515151635,636349.96363636479,619819.61212121323,603289.26060606539,586758.90909091383,570228.55757576227,553698.20606061071,537167.85454546288,520637.50303031132
MI,Ethenol,0.0,0.0,0.0,0.0,0.0,0.0,0.0,0.0,0.0,0.0
MI,Geothermal,0.0,0.0,0.0,0.0,0.0,0.0,0.0,0.0,0.0,0.0
MI,Hydropower,8991.8666666664649,8166.4060606060084,7340.9454545453191,6515.4848484848626,5690.0242424241733,4864.5636363637168,4039.1030303030275,3213.642424242571,2388.1818181818817,1562.7212121214252
MI,Natural Gas,838952.93333333358,834317.93939394131,829682.94545454718,825047.95151515491,820412.95757576264,815777.96363636851,811142.96969697624,806507.97575758211,801872.98181818984,797237.98787879571
MI,Nuclear Energy,172861.93333332986,192018.01212120801,211174.09090908617,230330.16969696432,249486.24848484248,268642.32727272063,287798.40606059134,306954.4848484695,326110.56363634765,345266.64242422581
MI,Petroleum,1182254.1999999955,1199508.2181818113,1216762.236363627,1234016.2545454502,1251270.272727266,1268524.2909090817,1285778.3090908974,1303032.3272727206,1320286.3454545364,1337540.3636363521
MI,Solar,0.0,0.0,0.0,0.0,0.0,0.0,0.0,0.0,0.0,0.0
MI,Total Consumption,2983739.3333333284,3003051.9939393848,3022364.6545454487,3041677.3151515052,3060989.9757575691,3080302.6363636255,3099615.2969696894,3118927.9575757459,3138240.6181818098,3157553.2787878662
MI,Wood and Waste,55633.866666667163,58080.551515152678,60527.236363637261,62973.921212121844,65420.606060606427,67867.290909091011,70313.975757575594,72760.660606060177,75207.34545454476,77654.030303029343
MI,Wind,0.0,0.0,0.0,0.0,0.0,0.0,0.0,0.0,0.0,0.0
MN,Biomass,40556.266666666139,42588.587878787424,44620.909090908244,46653.23030302953,48685.551515150815,50717.872727271635,52750.193939392921,54782.51515151374,56814.836363635026,58847.157575755846
MN,Coal,262813.86666665971,273682.66060605273,284551.45454544574,295420.24848483875,306289.04242423177,317157.83636362478,328026.6303030178,338895.42424241081,349764.21818180382,360633.01212119684
MN,Ethenol,0.0,0.0,0.0,0.0,0.0,0.0,0.0,0.0,0.0,0.0
MN,Geothermal,0.0,0.0,0.0,0.0,0.0,0.0,0.0,0.0,0.0,0.0
MN,Hydropower,8561.266666666721,8402.5878787880065,8243.9090909092338,8085.2303030304611,7926.5515151516884,7767.8727272729157,7609.1939393941429,7450.5151515153702,7291.8363636365975,7133.1575757578248
MN,Natural Gas,307661.93333333358,302726.48484848626,297791.03636363707,292855.58787878975,287920.13939394243,282984.69090909325,278049.24242424592,273113.79393939674,268178.34545454942,263242.89696970209
MN,Nuclear Energy,159273.20000000298,175015.7272727266,190758.25454545394,206500.78181818128,222243.30909090862,237985.83636363223,253728.36363635957,269470.89090908691,285213.41818181425,300955.94545454159
MN,Petroleum,604538.40000000224,610581.36363636516,616624.32727272995,622667.29090909287,628710.2545454558,634753.21818182059,640796.18181818351,646839.14545454644,652882.10909090936,658925.07272727415
MN,Solar,0.0,0.0,0.0,0.0,0.0,0.0,0.0,0.0,0.0,0.0
MN,Total Consumption,1423961.1999999881,1455585.9999999851,1487210.7999999821,1518835.5999999866,1550460.3999999836,1582085.1999999806,1613709.9999999776,1645334.7999999747,1676959.5999999791,1708584.3999999762
MN,Wood and Waste,40556.266666666139,42588.587878787424,44620.909090908244,46653.23030302953,48685.551515150815,50717.872727271635,52750.193939392921,54782.51515151374,56814.836363635026,58847.157575755846
MN,Wind,0.0,0.0,0.0,0.0,0.0,0.0,0.0,0.0,0.0,0.0
MO,Biomass,42129.066666666418,44432.006060605869,46734.945454545319,49037.884848483838,51340.824242423289,53643.763636362739,55946.703030302189,58249.642424240708,60552.581818180159,62855.521212119609
MO,Coal,560399.60000000149,588221.01818182319,616042.43636363745,643863.8545454517,671685.2727272734,699506.69090908766,727328.10909090191,755149.52727272362,782970.94545453787,810792.36363635212
MO,Ethenol,0.0,0.0,0.0,0.0,0.0,0.0,0.0,0.0,0.0,0.0
MO,Geothermal,0.0,0.0,0.0,0.0,0.0,0.0,0.0,0.0,0.0,0.0
MO,Hydropower,10479.200000000099,10387.309090909199,10295.418181818328,10203.527272727428,10111.636363636557,10019.745454545686,9927.8545454547857,9835.9636363639147,9744.0727272730437,9652.1818181821436
MO,Natural Gas,334852.60000000149,323902.43636363745,312952.2727272734,302002.10909090936,291051.94545454904,280101.781818185,269151.61818182096,258201.45454545692,247251.2909090966,236301.12727273256
MO,Nuclear Energy,0.0,0.0,0.0,0.0,0.0,0.0,0.0,0.0,0.0,0.0
MO,Petroleum,691693.79999999329,703057.85454544798,714421.90909090266,725785.96363635734,737150.01818180829,748514.07272726297,759878.12727271765,771242.18181817234,782606.23636362702,793970.29090907797
MO,Solar,0.0,0.0,0.0,0.0,0.0,0.0,0.0,0.0,0.0,0.0
MO,Total Consumption,1681683.3333333284,1714432.6303030252,1747181.9272727147,1779931.2242424116,1812680.5212121084,1845429.8181818053,1878179.1151514947,1910928.4121211916,1943677.7090908885,1976427.0060605854
MO,Wood and Waste,42129.066666666418,44432.006060605869,46734.945454545319,49037.884848483838,51340.824242423289,53643.763636362739,55946.703030302189,58249.642424240708,60552.581818180159,62855.521212119609
MO,Wind,0.0,0.0,0.0,0.0,0.0,0.0,0.0,0.0,0.0,0.0
MS,Biomass,37146.999999999767,37727.163636363344,38307.327272726921,38887.490909090498,39467.654545454076,40047.818181817653,40627.98181818123,41208.145454544807,41788.309090908384,42368.472727272194
MS,Coal,57763.533333335072,62447.0121212136,67130.490909092128,71813.969696970657,76497.448484849185,81180.927272727713,85864.406060606241,90547.884848484769,95231.363636363298,99914.842424241826
MS,Ethenol,0.0,0.0,0.0,0.0,0.0,0.0,0.0,0.0,0.0,0.0
MS,Geothermal,0.0,0.0,0.0,0.0,0.0,0.0,0.0,0.0,0.0,0.0
MS,Hydropower,0.0,0.0,0.0,0.0,0.0,0.0,0.0,0.0,0.0,0.0
MS,Natural Gas,167181.93333333731,145587.72121212631,123993.50909091532,102399.29696970433,80805.084848493338,59210.872727282345,37616.660606071353,16022.448484860361,-5571.7636363506317,-27165.975757561624
MS,Nuclear Energy,0.0,0.0,0.0,0.0,0.0,0.0,0.0,0.0,0.0,0.0
MS,Petroleum,523672.93333332986,548270.21212121099,572867.49090908468,597464.76969696581,622062.0484848395,646659.32727272063,671256.60606059432,695853.88484847546,720451.16363634914,745048.44242423028
MS,Solar,0.0,0.0,0.0,0.0,0.0,0.0,0.0,0.0,0.0,0.0
MS,Total Consumption,822912.39999999665,831759.27272727154,840606.14545454271,849453.01818181388,858299.89090908878,867146.76363635994,875993.63636363111,884840.50909090601,893687.38181817718,902534.25454544835
MS,Wood and Waste,37146.999999999767,37727.163636363344,38307.327272726921,38887.490909090498,39467.654545454076,40047.818181817653,40627.98181818123,41208.145454544807,41788.309090908384,42368.472727272194
MS,Wind,0.0,0.0,0.0,0.0,0.0,0.0,0.0,0.0,0.0,0.0
MT,Biomass,10921.133333333302,11509.412121211877,12097.690909090685,12685.969696969492,13274.2484848483,13862.527272726875,14450.806060605682,15039.08484848449,15627.363636363298,16215.642424241873
MT,Coal,67066.400000000373,73691.799999998882,80317.199999999255,86942.599999997765,93567.999999998137,100193.39999999851,106818.79999999702,113444.19999999739,120069.5999999959,126694.99999999627
MT,Ethenol,0.0,0.0,0.0,0.0,0.0,0.0,0.0,0.0,0.0,0.0
MT,Geothermal,0.0,0.0,0.0,0.0,0.0,0.0,0.0,0.0,0.0,0.0
MT,Hydropower,115126.46666666679,117493.07878787909,119859.69090909045,122226.30303030275,124592.91515151504,126959.52727272641,129326.13939393871,131692.751515151,134059.36363636237,136425.97575757466
MT,Natural Gas,66250.799999999814,63505.52727272734,60760.254545454867,58014.981818182394,55269.709090909921,52524.436363637447,49779.163636364974,47033.890909092501,44288.618181820028,41543.345454547554
MT,Nuclear Energy,0.0,0.0,0.0,0.0,0.0,0.0,0.0,0.0,0.0,0.0
MT,Petroleum,187703.40000000037,193369.14545454644,199034.89090909064,204700.6363636367,210366.38181818277,216032.12727272697,221697.87272727303,227363.61818181723,233029.3636363633,238695.1090909075
MT,Solar,0.0,0.0,0.0,0.0,0.0,0.0,0.0,0.0,0.0,0.0
MT,Total Consumption,393611.06666666456,400611.56969696656,407612.07272727042,414612.57575757243,421613.07878787629,428613.5818181783,435614.0848484803,442614.58787878416,449615.09090908617,456615.59393938817
MT,Wood and Waste,10921.133333333302,11509.412121211877,12097.690909090685,12685.969696969492,13274.2484848483,13862.527272726875,14450.806060605682,15039.08484848449,15627.363636363298,16215.642424241873
MT,Wind,0.0,0.0,0.0,0.0,0.0,0.0,0.0,0.0,0.0,0.0
NC,Biomass,104805.59999999963,109575.0,114344.39999999851,119113.79999999888,123883.19999999739,128652.59999999776,133421.99999999814,138191.39999999665,142960.79999999702,147730.19999999739
NC,Coal,547785.86666666716,553730.33333333395,559674.79999999888,565619.26666666567,571563.73333333246,577508.19999999925,583452.66666666418,589397.13333333097,595341.59999999776,601286.06666666269
NC,Ethenol,0.0,0.0,0.0,0.0,0.0,0.0,0.0,0.0,0.0,0.0
NC,Geothermal,0.0,0.0,0.0,0.0,0.0,0.0,0.0,0.0,0.0,0.0
NC,Hydropower,70841.066666666884,71966.024242424872,73090.981818182394,74215.939393939916,75340.896969697438,76465.854545455426,77590.812121212948,78715.76969697047,79840.727272728458,80965.68484848598
NC,Natural Gas,82790.0,74074.0,65358.0,56642.0,47926.000000003725,39210.000000003725,30494.000000003725,21778.000000003725,13062.000000003725,4346.0000000037253
NC,Nuclear Energy,89677.266666665673,100767.69696969539,111858.12727272511,122948.55757575482,134038.98787878454,145129.41818181425,156219.84848484397,167310.27878787369,178400.7090909034,189491.13939393312
NC,Petroleum,758676.73333333433,769944.35757575929,781211.98181818053,792479.6060606055,803747.23030303046,815014.8545454517,826282.47878787667,837550.10303030163,848817.7272727266,860085.35151514784
NC,Solar,0.0,0.0,0.0,0.0,0.0,0.0,0.0,0.0,0.0,0.0
NC,Total Consumption,1759382.1333333254,1789632.4121212065,1819882.6909090802,1850132.9696969613,1880383.248484835,1910633.5272727162,1940883.8060605898,1971134.084848471,2001384.3636363447,2031634.6424242258
NC,Wood and Waste,104805.59999999963,109575.0,114344.39999999851,119113.79999999888,123883.19999999739,128652.59999999776,133421.99999999814,138191.39999999665,142960.79999999702,147730.19999999739
NC,Wind,0.0,0.0,0.0,0.0,0.0,0.0,0.0,0.0,0.0,0.0
ND,Biomass,569.06666666665842,590.58787878786825,612.10909090907808,633.63030303028791,655.15151515149773,676.67272727271484,698.19393939392467,719.71515151513449,741.23636363634432,762.75757575755415
ND,Coal,138177.46666666493,147117.16969696805,156056.87272727117,164996.57575757056,173936.27878787369,182875.98181817681,191815.68484847993,200755.38787878305,209695.09090908617,218634.79393938929
ND,Ethenol,0.0,0.0,0.0,0.0,0.0,0.0,0.0,0.0,0.0,0.0
ND,Geothermal,0.0,0.0,0.0,0.0,0.0,0.0,0.0,0.0,0.0,0.0
ND,Hydropower,28118.466666666907,27810.460606060806,27502.454545454821,27194.448484848836,26886.442424242734,26578.436363636749,26270.430303030764,25962.424242424662,25654.418181818677,25346.412121212692
ND,Natural Gas,36406.866666666669,36504.82424242422,36602.7818181818,36700.739393939381,36798.696969696932,36896.654545454512,36994.612121212092,37092.569696969644,37190.527272727224,37288.484848484804
ND,Nuclear Energy,0.0,0.0,0.0,0.0,0.0,0.0,0.0,0.0,0.0,0.0
ND,Petroleum,125157.33333333349,126112.37575757597,127067.41818181821,128022.46060606069,128977.50303030317,129932.54545454541,130887.58787878789,131842.63030303037,132797.67272727261,133752.71515151509
ND,Solar,0.0,0.0,0.0,0.0,0.0,0.0,0.0,0.0,0.0,0.0
ND,Total Consumption,328998.26666666567,338726.00606060401,348453.74545454234,358181.48484848067,367909.22424242273,377636.96363636106,387364.7030302994,397092.44242423773,406820.18181817606,416547.92121211439
ND,Wood and Waste,569.06666666665842,590.58787878786825,612.10909090907808,633.63030303028791,655.15151515149773,676.67272727271484,698.19393939392467,719.71515151513449,741.23636363634432,762.75757575755415
ND,Wind,0.0,0.0,0.0,0.0,0.0,0.0,0.0,0.0,0.0,0.0
NE,Biomass,4219.2666666665464,4475.3151515150676,4731.3636363635305,4987.4121212119935,5243.4606060604565,5499.5090909089195,5755.5575757573824,6011.6060606059036,6267.6545454543666,6523.7030303028296
NE,Coal,72428.999999998137,77551.79999999702,82674.599999997765,87797.399999996647,92920.19999999553,98042.999999996275,103165.79999999516,108288.5999999959,113411.39999999478,118534.19999999367
NE,Ethenol,0.0,0.0,0.0,0.0,0.0,0.0,0.0,0.0,0.0,0.0
NE,Geothermal,0.0,0.0,0.0,0.0,0.0,0.0,0.0,0.0,0.0,0.0
NE,Hydropower,12164.20000000007,11931.836363636481,11699.472727272834,11467.109090909187,11234.745454545598,11002.381818181952,10770.018181818305,10537.654545454716,10305.290909091069,10072.92727272748
NE,Natural Gas,165461.20000000298,157999.43636363931,150537.67272727564,143075.90909091197,135614.14545455016,128152.38181818649,120690.61818182282,113228.85454546101,105767.09090909734,98305.327272733673
NE,Nuclear Energy,111779.26666666195,124110.27878787369,136441.2909090817,148772.30303029343,161103.31515150517,173434.32727271691,185765.33939392865,198096.35151514038,210427.36363635212,222758.37575756386
NE,Petroleum,243050.33333333209,247874.81212121062,252699.29090908915,257523.76969696768,262348.2484848462,267172.72727272473,271997.20606060326,276821.68484848179,281646.16363636032,286470.64242423885
NE,Solar,0.0,0.0,0.0,0.0,0.0,0.0,0.0,0.0,0.0,0.0
NE,Total Consumption,613322.53333333507,628418.79393939301,643515.05454545468,658611.31515151262,673707.57575757429,688803.83636363223,703900.0969696939,718996.35757575184,734092.61818181351,749188.87878787145
NE,Wood and Waste,4219.2666666665464,4475.3151515150676,4731.3636363635305,4987.4121212119935,5243.4606060604565,5499.5090909089195,5755.5575757573824,6011.6060606059036,6267.6545454543666,6523.7030303028296
NE,Wind,0.0,0.0,0.0,0.0,0.0,0.0,0.0,0.0,0.0,0.0
NH,Biomass,19837.066666666651,20699.533333333209,21562.0,22424.466666666558,23286.933333333116,24149.399999999674,25011.866666666465,25874.333333333023,26736.799999999581,27599.266666666139
NH,Coal,23863.933333333349,23486.993939394015,23110.054545454681,22733.115151515347,22356.175757575897,21979.236363636563,21602.296969697229,21225.357575757778,20848.418181818444,20471.47878787911
NH,Ethenol,0.0,0.0,0.0,0.0,0.0,0.0,0.0,0.0,0.0,0.0
NH,Geothermal,0.0,0.0,0.0,0.0,0.0,0.0,0.0,0.0,0.0,0.0
NH,Hydropower,13722.266666666663,13720.115151515147,13717.963636363631,13715.812121212113,13713.660606060597,13711.509090909081,13709.357575757565,13707.20606060605,13705.054545454534,13702.903030303018
NH,Natural Gas,8501.6666666666861,8608.7696969697136,8715.8727272727701,8822.9757575757976,8930.0787878788251,9037.1818181818526,9144.2848484848801,9251.3878787879075,9358.490909090935,9465.5939393939625
NH,Nuclear Energy,0.0,0.0,0.0,0.0,0.0,0.0,0.0,0.0,0.0,0.0
NH,Petroleum,151740.19999999995,152343.72727272729,152947.2545454544,153550.78181818174,154154.30909090885,154757.83636363619,155361.36363636353,155964.89090909064,156568.41818181798,157171.94545454509
NH,Solar,0.0,0.0,0.0,0.0,0.0,0.0,0.0,0.0,0.0,0.0
NH,Total Consumption,237502.19999999925,239558.67272727191,241615.14545454457,243671.61818181723,245728.09090908989,247784.56363636209,249841.03636363475,251897.50909090741,253953.98181818007,256010.45454545273
NH,Wood and Waste,19837.066666666651,20699.533333333209,21562.0,22424.466666666558,23286.933333333116,24149.399999999674,25011.866666666465,25874.333333333023,26736.799999999581,27599.266666666139
NH,Wind,0.0,0.0,0.0,0.0,0.0,0.0,0.0,0.0,0.0,0.0
NJ,Biomass,45940.533333333209,47697.866666666232,49455.199999999721,51212.533333332743,52969.866666666232,54727.199999999255,56484.533333332278,58241.866666665766,59999.199999998789,61756.533333332278
NJ,Coal,51581.399999999441,47914.327272727154,44247.254545453936,40580.181818181649,36913.109090908431,33246.036363636144,29578.963636362925,25911.890909090638,22244.81818181742,18577.745454544201
NJ,Ethenol,0.0,0.0,0.0,0.0,0.0,0.0,0.0,0.0,0.0,0.0
NJ,Geothermal,0.0,0.0,0.0,0.0,0.0,0.0,0.0,0.0,0.0,0.0
NJ,Hydropower,-1893.2666666666046,-1728.8969696969143,-1564.527272727224,-1400.1575757575338,-1235.7878787878435,-1071.4181818181532,-907.04848484846298,-742.67878787877271,-578.30909090908244,-413.93939393939218
NJ,Natural Gas,240998.73333333433,231462.01212121546,221925.29090909287,212388.56969697401,202851.84848485142,193315.12727273256,183778.40606060997,174241.68484848738,164704.96363636851,155168.24242424592
NJ,Nuclear Energy,78167.599999999627,82926.618181817234,87685.63636363484,92444.654545454308,97203.672727271914,101962.69090908952,106721.70909090713,111480.72727272473,116239.74545454234,120998.76363635994
NJ,Petroleum,1298545.6666666567,1278816.2606060579,1259086.8545454517,1239357.4484848455,1219628.0424242392,1199898.636363633,1180169.2303030342,1160439.8242424279,1140710.4181818217,1120981.0121212155
NJ,Solar,0.0,0.0,0.0,0.0,0.0,0.0,0.0,0.0,0.0,0.0
NJ,Total Consumption,1759281.1999999881,1734786.0545454472,1710290.9090908989,1685795.7636363581,1661300.6181818098,1636805.4727272689,1612310.3272727206,1587815.1818181798,1563320.0363636315,1538824.8909090906
NJ,Wood and Waste,45940.533333333209,47697.866666666232,49455.199999999721,51212.533333332743,52969.866666666232,54727.199999999255,56484.533333332278,58241.866666665766,59999.199999998789,61756.533333332278
NJ,Wind,0.0,0.0,0.0,0.0,0.0,0.0,0.0,0.0,0.0,0.0
NM,Biomass,8412.8666666666977,8893.1333333333023,9373.4000000000233,9853.6666666666279,10333.933333333232,10814.199999999837,11294.466666666558,11774.733333333163,12254.999999999767,12735.266666666372
NM,Coal,161144.53333333321,166044.53939393908,170944.54545454495,175844.55151515082,180744.55757575668,185644.56363636255,190544.56969696842,195444.57575757429,200344.58181818016,205244.58787878603
NM,Ethenol,0.0,0.0,0.0,0.0,0.0,0.0,0.0,0.0,0.0,0.0
NM,Geothermal,0.0,0.0,0.0,0.0,0.0,0.0,0.0,0.0,0.0,0.0
NM,Hydropower,569.46666666665988,575.16969696968772,580.87272727271557,586.57575757574523,592.27878787877307,597.98181818180274,603.68484848483058,609.38787878785843,615.09090909088809,620.79393939391593
NM,Natural Gas,222256.33333333395,213838.7575757578,205421.18181818351,197003.60606060736,188586.03030303307,180168.45454545692,171750.87878788263,163333.30303030647,154915.72727273032,146498.15151515603
NM,Nuclear Energy,0.0,0.0,0.0,0.0,0.0,0.0,0.0,0.0,0.0,0.0
NM,Petroleum,230841.53333333321,237942.15757575631,245042.78181818128,252143.40606060438,259244.03030302748,266344.65454545245,273445.27878787555,280545.90303030051,287646.52727272362,294747.15151514858
NM,Solar,0.0,0.0,0.0,0.0,0.0,0.0,0.0,0.0,0.0,0.0
NM,Total Consumption,631637.60000000242,636186.89090909157,640736.18181818258,645285.47272727359,649834.7636363646,654384.05454545561,658933.34545454662,663482.63636363763,668031.92727272864,672581.21818181966
NM,Wood and Waste,8412.8666666666977,8893.1333333333023,9373.4000000000233,9853.6666666666279,10333.933333333232,10814.199999999837,11294.466666666558,11774.733333333163,12254.999999999767,12735.266666666372
NM,Wind,0.0,0.0,0.0,0.0,0.0,0.0,0.0,0.0,0.0,0.0
NV,Biomass,1867.2666666666337,1969.0606060605787,2070.8545454544947,2172.6484848484397,2274.4424242423847,2376.2363636363007,2478.0303030302457,2579.8242424241616,2681.6181818181067,2783.4121212120517
NV,Coal,129585.73333333619,137733.21212121472,145880.69090909325,154028.16969697177,162175.6484848503,170323.12727272883,178470.60606060736,186618.08484848589,194765.56363636442,202913.04242424294
NV,Ethenol,0.0,0.0,0.0,0.0,0.0,0.0,0.0,0.0,0.0,0.0
NV,Geothermal,0.0,0.0,0.0,0.0,0.0,0.0,0.0,0.0,0.0,0.0
NV,Hydropower,17166.0,17182.69090909091,17199.381818181821,17216.072727272731,17232.763636363641,17249.454545454544,17266.145454545454,17282.836363636365,17299.527272727275,17316.218181818185
NV,Natural Gas,77676.800000000279,78842.581818182487,80008.363636364229,81174.145454545971,82339.927272727713,83505.709090909455,84671.490909091663,85837.272727273405,87003.054545455147,88168.836363636889
NV,Nuclear Energy,0.0,0.0,0.0,0.0,0.0,0.0,0.0,0.0,0.0,0.0
NV,Petroleum,147265.99999999627,153020.38181817904,158774.76363635994,164529.14545454085,170283.52727272362,176037.90909090452,181792.29090908542,187546.67272726819,193301.05454544909,199055.43636363
NV,Solar,0.0,0.0,0.0,0.0,0.0,0.0,0.0,0.0,0.0,0.0
NV,Total Consumption,375429.06666666642,390716.98787878454,406004.90909090638,421292.83030302823,436580.75151514634,451868.67272726819,467156.59393939003,482444.51515150815,497732.43636363,513020.35757575184
NV,Wood and Waste,1867.2666666666337,1969.0606060605787,2070.8545454544947,2172.6484848484397,2274.4424242423847,2376.2363636363007,2478.0303030302457,2579.8242424241616,2681.6181818181067,2783.4121212120517
NV,Wind,0.0,0.0,0.0,0.0,0.0,0.0,0.0,0.0,0.0,0.0
NY,Biomass,87210.799999999814,90584.109090908431,93957.418181817047,97330.727272725664,100704.03636363521,104077.34545454383,107450.65454545245,110823.96363636199,114197.27272727061,117570.58181817923
NY,Coal,252822.06666666269,230440.76969696581,208059.47272726893,185678.17575757205,163296.87878787518,140915.5818181783,118534.28484848142,96152.987878784537,73771.690909087658,51390.393939390779
NY,Ethenol,0.0,0.0,0.0,0.0,0.0,0.0,0.0,0.0,0.0,0.0
NY,Geothermal,0.0,0.0,0.0,0.0,0.0,0.0,0.0,0.0,0.0,0.0
NY,Hydropower,283037.46666666731,283044.91515151598,283052.36363636458,283059.81212121318,283067.26060606178,283074.70909091044,283082.15757575905,283089.60606060765,283097.05454545631,283104.50303030491
NY,Natural Gas,548880.33333332837,530906.43030302972,512932.52727273107,494958.62424242496,476984.72121212631,459010.81818182021,441036.91515152156,423063.01212121546,405089.10909091681,387115.20606061071
NY,Nuclear Energy,256100.26666665822,278163.73333332688,300227.19999998808,322290.66666665673,344354.13333332539,366417.59999998659,388481.06666665524,410544.53333331645,432607.9999999851,454671.4666666463
NY,Petroleum,2587291.6666666642,2566174.0787878782,2545056.4909090921,2523938.9030303061,2502821.3151515201,2481703.727272734,2460586.139393948,2439468.551515162,2418350.963636376,2397233.3757575899
NY,Solar,0.0,0.0,0.0,0.0,0.0,0.0,0.0,0.0,0.0,0.0
NY,Total Consumption,4102553.400000006,4069898.1454545557,4037242.8909090981,4004587.6363636479,3971932.3818181902,3939277.12727274,3906621.8727272898,3873966.6181818321,3841311.3636363819,3808656.1090909243
NY,Wood and Waste,87210.799999999814,90584.109090908431,93957.418181817047,97330.727272725664,100704.03636363521,104077.34545454383,107450.65454545245,110823.96363636199,114197.27272727061,117570.58181817923
NY,Wind,0.0,0.0,0.0,0.0,0.0,0.0,0.0,0.0,0.0,0.0
OH,Biomass,70985.0,74275.599999999627,77566.199999999255,80856.799999999814,84147.399999999441,87437.999999999069,90728.599999998696,94019.199999998324,97309.799999997951,100600.39999999851
OH,Coal,1692222.9999999963,1706803.8545454517,1721384.7090909034,1735965.5636363588,1750546.4181818105,1765127.2727272622,1779708.1272727177,1794288.9818181694,1808869.8363636248,1823450.6909090765
OH,Ethenol,0.0,0.0,0.0,0.0,0.0,0.0,0.0,0.0,0.0,0.0
OH,Geothermal,0.0,0.0,0.0,0.0,0.0,0.0,0.0,0.0,0.0,0.0
OH,Hydropower,50.866666666666788,46.151515151515923,41.436363636365058,36.721212121212375,32.00606060606151,27.290909090910645,22.575757575759781,17.860606060608916,13.145454545458051,8.4303030303053674
OH,Natural Gas,885635.73333333433,858309.35757575929,830982.98181818426,803656.60606060922,776330.23030303419,749003.8545454666,721677.47878789157,694351.10303031653,667024.7272727415,639698.35151516646
OH,Nuclear Energy,23952.866666666232,27108.224242423661,30263.58181818109,33418.939393938519,36574.296969695017,39729.654545452446,42885.012121209875,46040.369696967304,49195.727272724733,52351.084848482162
OH,Petroleum,1435019.7333333343,1472523.5575757474,1510027.3818181753,1547531.2060605884,1585035.0303030163,1622538.8545454443,1660042.6787878573,1697546.5030302852,1735050.3272726983,1772554.1515151262
OH,Solar,0.0,0.0,0.0,0.0,0.0,0.0,0.0,0.0,0.0,0.0
OH,Total Consumption,4178852.1999999955,4213342.3454545364,4247832.4909090921,4282322.636363633,4316812.7818181738,4351302.9272727147,4385793.0727272555,4420283.2181818113,4454773.3636363521,4489263.509090893
OH,Wood and Waste,70985.0,74275.599999999627,77566.199999999255,80856.799999999814,84147.399999999441,87437.999999999069,90728.599999998696,94019.199999998324,97309.799999997951,100600.39999999851
OH,Wind,0.0,0.0,0.0,0.0,0.0,0.0,0.0,0.0,0.0,0.0
OK,Biomass,21281.533333333675,22782.721212121658,24283.909090909176,25785.096969697159,27286.284848484676,28787.47272727266,30288.660606060643,31789.84848484816,33291.036363636144,34792.224242423661
OK,Coal,42625.933333331719,48061.139393936843,53496.345454543829,58931.551515148953,64366.757575754076,69801.963636361063,75237.169696966186,80672.37575757131,86107.581818178296,91542.78787878342
OK,Ethenol,0.0,0.0,0.0,0.0,0.0,0.0,0.0,0.0,0.0,0.0
OK,Geothermal,0.0,0.0,0.0,0.0,0.0,0.0,0.0,0.0,0.0,0.0
OK,Hydropower,24475.666666667094,24779.915151515626,25084.163636364159,25388.412121212692,25692.660606061225,25996.909090909758,26301.15757575829,26605.40606060694,26909.654545455473,27213.903030304005
OK,Natural Gas,849991.20000000298,875907.29090908915,901823.38181818277,927739.47272726893,953655.56363636255,979571.65454544872,1005487.7454545423,1031403.8363636285,1057319.9272727147,1083236.0181818083
OK,Nuclear Energy,0.0,0.0,0.0,0.0,0.0,0.0,0.0,0.0,0.0,0.0
OK,Petroleum,492511.13333333284,505270.73939393833,518030.34545454383,530789.95151514933,543549.55757575482,556309.16363636032,569068.76969696581,581828.37575757131,594587.98181817681,607347.5878787823
OK,Solar,0.0,0.0,0.0,0.0,0.0,0.0,0.0,0.0,0.0,0.0
OK,Total Consumption,1452167.0,1499584.5272727311,1547002.0545454621,1594419.5818181783,1641837.1090909094,1689254.6363636255,1736672.1636363566,1784089.6909090728,1831507.2181818038,1878924.7454545349
OK,Wood and Waste,21281.533333333675,22782.721212121658,24283.909090909176,25785.096969697159,27286.284848484676,28787.47272727266,30288.660606060643,31789.84848484816,33291.036363636144,34792.224242423661
OK,Wind,0.0,0.0,0.0,0.0,0.0,0.0,0.0,0.0,0.0,0.0
OR,Biomass,78537.266666666605,81107.569696969353,83677.872727272101,86248.175757574849,88818.478787877597,91388.781818180345,93959.084848484024,96529.387878786772,99099.690909089521,101669.99393939227
OR,Coal,5361.199999999837,5659.9454545453191,5958.6909090906847,6257.4363636361668,6556.1818181816489,6854.9272727270145,7153.6727272724966,7452.4181818178622,7751.1636363633443,8049.9090909087099
OR,Ethenol,0.0,0.0,0.0,0.0,0.0,0.0,0.0,0.0,0.0,0.0
OR,Geothermal,0.0,0.0,0.0,0.0,0.0,0.0,0.0,0.0,0.0,0.0
OR,Hydropower,312141.66666666884,308131.93333333544,304122.20000000298,300112.46666667052,296102.73333333712,292093.00000000466,288083.26666667219,284073.5333333388,280063.80000000633,276054.06666667387
OR,Natural Gas,88875.333333333954,86660.993939395063,84446.654545456171,82232.315151516348,80017.975757577457,77803.636363638565,75589.296969698742,73374.95757575985,71160.618181820959,68946.278787882067
OR,Nuclear Energy,48554.066666662693,54488.07878787443,60422.090909086168,66356.103030297905,72290.115151509643,78224.12727272138,84158.139393933117,90092.151515144855,96026.163636356592,101960.17575756833
OR,Petroleum,357365.73333333433,362520.66666666605,367675.59999999963,372830.53333333321,377985.46666666679,383140.39999999851,388295.33333333209,393450.26666666567,398605.19999999925,403760.13333333284
OR,Solar,0.0,0.0,0.0,0.0,0.0,0.0,0.0,0.0,0.0,0.0
OR,Total Consumption,969372.53333333507,979676.7575757578,989980.98181818426,1000285.206060607,1010589.4303030297,1020893.6545454562,1031197.8787878789,1041502.1030303016,1051806.3272727281,1062110.5515151508
OR,Wood and Waste,78537.266666666605,81107.569696969353,83677.872727272101,86248.175757574849,88818.478787877597,91388.781818180345,93959.084848484024,96529.387878786772,99099.690909089521,101669.99393939227
OR,Wind,0.0,0.0,0.0,0.0,0.0,0.0,0.0,0.0,0.0,0.0
PA,Biomass,87919.06666666735,92149.587878788821,96380.109090909362,100610.6303030299,104841.15151515137,109071.67272727285,113302.19393939245,117532.71515151393,121763.2363636354,125993.75757575687
PA,Coal,1647764.3333333321,1644138.3212121194,1640512.3090909077,1636886.296969695,1633260.2848484833,1629634.2727272715,1626008.2606060589,1622382.2484848471,1618756.2363636345,1615130.2242424227
PA,Ethenol,0.0,0.0,0.0,0.0,0.0,0.0,0.0,0.0,0.0,0.0
PA,Geothermal,0.0,0.0,0.0,0.0,0.0,0.0,0.0,0.0,0.0,0.0
PA,Hydropower,12115.399999999965,11929.218181818142,11743.036363636318,11556.854545454495,11370.672727272671,11184.490909090848,10998.309090909024,10812.127272727201,10625.945454545377,10439.763636363554
PA,Natural Gas,671139.20000000298,655798.30909091234,640457.4181818217,625116.52727273107,609775.63636364043,594434.74545455351,579093.85454546288,563752.96363637224,548412.0727272816,533071.18181819096
PA,Nuclear Energy,277332.86666665971,307902.47878786922,338472.09090908617,369041.70303029567,399611.31515150517,430180.92727271467,460750.53939392418,491320.15151513368,521889.76363634318,552459.37575755268
PA,Petroleum,1682111.0666666664,1694418.206060607,1706725.3454545438,1719032.4848484844,1731339.6242424212,1743646.7636363618,1755953.9030302987,1768261.0424242392,1780568.1818181761,1792875.3212121166
PA,Solar,0.0,0.0,0.0,0.0,0.0,0.0,0.0,0.0,0.0,0.0
PA,Total Consumption,4466301.0,4498485.7090909034,4530670.4181818143,4562855.1272727177,4595039.8363636285,4627224.5454545319,4659409.2545454428,4691593.9636363462,4723778.672727257,4755963.3818181604
PA,Wood and Waste,87919.06666666735,92149.587878788821,96380.109090909362,100610.6303030299,104841.15151515137,109071.67272727285,113302.19393939245,117532.71515151393,121763.2363636354,125993.75757575687
PA,Wind,0.0,0.0,0.0,0.0,0.0,0.0,0.0,0.0,0.0,0.0
RI,Biomass,6201.4666666666744,6373.5333333333256,6545.5999999999767,6717.6666666666279,6889.733333333279,7061.7999999999302,7233.8666666666395,7405.9333333332906,7577.9999999999418,7750.0666666665929
RI,Coal,149.20000000000437,133.52727272727861,117.85454545455286,102.18181818182711,86.50909090910136,70.836363636375609,55.163636363649857,39.490909090924106,23.818181818201992,8.145454545476241
RI,Ethenol,0.0,0.0,0.0,0.0,0.0,0.0,0.0,0.0,0.0,0.0
RI,Geothermal,0.0,0.0,0.0,0.0,0.0,0.0,0.0,0.0,0.0,0.0
RI,Hydropower,39.599999999999852,39.727272727272577,39.854545454545274,39.981818181817971,40.109090909090668,40.236363636363365,40.363636363636061,40.490909090908758,40.618181818181455,40.745454545454152
RI,Natural Gas,24491.533333333267,24562.484848484775,24633.436363636283,24704.387878787791,24775.339393939299,24846.290909090807,24917.242424242315,24988.193939393794,25059.145454545302,25130.09696969681
RI,Nuclear Energy,0.0,0.0,0.0,0.0,0.0,0.0,0.0,0.0,0.0,0.0
RI,Petroleum,116528.79999999888,110501.56363636442,104474.32727272809,98447.090909091756,92419.854545455426,86392.618181819096,80365.381818182766,74338.145454548299,68310.90909091197,62283.67272727564
RI,Solar,0.0,0.0,0.0,0.0,0.0,0.0,0.0,0.0,0.0,0.0
RI,Total Consumption,153612.06666666642,147984.36969696917,142356.67272727378,136728.97575757653,131101.27878787927,125473.58181818388,119845.88484848663,114218.18787878938,108590.49090909399,102962.79393939674
RI,Wood and Waste,6201.4666666666744,6373.5333333333256,6545.5999999999767,6717.6666666666279,6889.733333333279,7061.7999999999302,7233.8666666666395,7405.9333333332906,7577.9999999999418,7750.0666666665929
RI,Wind,0.0,0.0,0.0,0.0,0.0,0.0,0.0,0.0,0.0,0.0
SC,Biomass,51643.133333333302,52804.721212121192,53966.309090909082,55127.896969696507,56289.484848484397,57451.072727272287,58612.660606060177,59774.248484848067,60935.836363635957,62097.424242423382
SC,Coal,200656.46666666493,206410.3515151497,212164.23636363447,217918.12121211924,223672.00606060401,229425.89090908878,235179.77575757168,240933.66060605645,246687.54545454122,252441.43030302599
SC,Ethenol,0.0,0.0,0.0,0.0,0.0,0.0,0.0,0.0,0.0,0.0
SC,Geothermal,0.0,0.0,0.0,0.0,0.0,0.0,0.0,0.0,0.0,0.0
SC,Hydropower,39571.933333333815,40232.521212121705,40893.109090909828,41553.696969697718,42214.284848485608,42874.872727273498,43535.460606061388,44196.048484849511,44856.636363637401,45517.224242425291
SC,Natural Gas,118938.53333333321,114594.95757575706,110251.3818181809,105907.80606060661,101564.23030303046,97220.654545454308,92877.078787880018,88533.503030303866,84189.927272727713,79846.35151515156
SC,Nuclear Energy,269010.60000000894,294699.80000000447,320389.00000000745,346078.20000000298,371767.40000000596,397456.60000000149,423145.79999999702,448835.0,474524.19999999553,500213.39999999851
SC,Petroleum,429406.13333333284,441779.93939393759,454153.74545454606,466527.55151515082,478901.35757575557,491275.16363636032,503648.96969696507,516022.77575756982,528396.5818181783,540770.38787878305
SC,Solar,0.0,0.0,0.0,0.0,0.0,0.0,0.0,0.0,0.0,0.0
SC,Total Consumption,1160869.9333333373,1203327.0121212155,1245784.0909090936,1288241.1696969718,1330698.2484848499,1373155.3272727281,1415612.4060606062,1458069.4848484844,1500526.5636363626,1542983.6424242407
SC,Wood and Waste,51643.133333333302,52804.721212121192,53966.309090909082,55127.896969696507,56289.484848484397,57451.072727272287,58612.660606060177,59774.248484848067,60935.836363635957,62097.424242423382
SC,Wind,0.0,0.0,0.0,0.0,0.0,0.0,0.0,0.0,0.0,0.0
SD,Biomass,2141.2666666666337,2257.224242424214,2373.1818181817653,2489.1393939393456,2605.0969696968968,2721.0545454544772,2837.0121212120575,2952.9696969696088,3068.9272727271891,3184.8848484847404
SD,Coal,45412.866666665301,50006.478787876666,54600.090909089893,59193.703030301258,63787.315151512623,68380.927272723988,72974.539393937215,77568.15151514858,82161.763636359945,86755.37575757131
SD,Ethenol,0.0,0.0,0.0,0.0,0.0,0.0,0.0,0.0,0.0,0.0
SD,Geothermal,0.0,0.0,0.0,0.0,0.0,0.0,0.0,0.0,0.0,0.0
SD,Hydropower,64410.200000000186,63675.290909091244,62940.381818182068,62205.472727273125,61470.563636364182,60735.65454545524,60000.745454546064,59265.836363637121,58530.927272728179,57796.018181819003
SD,Natural Gas,32141.399999999732,31898.581818181556,31655.763636363379,31412.945454545144,31170.127272726968,30927.309090908733,30684.490909090557,30441.672727272322,30198.854545454145,29956.036363635911
SD,Nuclear Energy,0.0,0.0,0.0,0.0,0.0,0.0,0.0,0.0,0.0,0.0
SD,Petroleum,111013.59999999986,111639.2545454544,112264.90909090894,112890.56363636348,113516.21818181803,114141.87272727257,114767.52727272711,115393.18181818142,116018.83636363596,116644.4909090905
SD,Solar,0.0,0.0,0.0,0.0,0.0,0.0,0.0,0.0,0.0,0.0
SD,Total Consumption,257260.59999999776,261734.05454545282,266207.50909090601,270680.96363636106,275154.41818181612,279627.87272726931,284101.32727272436,288574.78181817755,293048.2363636326,297521.69090908766
SD,Wood and Waste,2141.2666666666337,2257.224242424214,2373.1818181817653,2489.1393939393456,2605.0969696968968,2721.0545454544772,2837.0121212120575,2952.9696969696088,3068.9272727271891,3184.8848484847404
SD,Wind,0.0,0.0,0.0,0.0,0.0,0.0,0.0,0.0,0.0,0.0
TN,Biomass,75627.866666667163,78141.315151515417,80654.76363636367,83168.212121211924,85681.660606061108,88195.109090909362,90708.557575757615,93222.006060605869,95735.454545454122,98248.903030302376
TN,Coal,599696.4666666612,619359.49696969241,639022.52727271616,658685.55757574737,678348.58787877858,698011.61818180978,717674.64848483354,737337.67878786474,757000.70909089595,776663.73939392716
TN,Ethenol,0.0,0.0,0.0,0.0,0.0,0.0,0.0,0.0,0.0,0.0
TN,Geothermal,0.0,0.0,0.0,0.0,0.0,0.0,0.0,0.0,0.0,0.0
TN,Hydropower,116658.66666666744,118073.73333333433,119488.80000000121,120903.86666666809,122318.93333333451,123734.0000000014,125149.06666666828,126564.13333333516,127979.20000000158,129394.26666666847
TN,Natural Gas,196087.53333333135,187095.03030302748,178102.52727272734,169110.02424242347,160117.52121211961,151125.01818181947,142132.5151515156,133140.01212121546,124147.5090909116,115155.00606060773
TN,Nuclear Energy,0.0,0.0,0.0,0.0,0.0,0.0,0.0,0.0,0.0,0.0
TN,Petroleum,631747.40000000596,655749.74545454979,679752.09090909362,703754.43636363745,727756.78181818128,751759.12727272511,775761.47272726893,799763.81818181276,823766.16363635659,847768.50909090042
TN,Solar,0.0,0.0,0.0,0.0,0.0,0.0,0.0,0.0,0.0,0.0
TN,Total Consumption,1695445.7999999821,1736560.6363636255,1777675.472727254,1818790.3090908974,1859905.1454545259,1901019.9818181545,1942134.8181817979,1983249.6545454264,2024364.4909090698,2065479.3272726983
TN,Wood and Waste,75627.866666667163,78141.315151515417,80654.76363636367,83168.212121211924,85681.660606061108,88195.109090909362,90708.557575757615,93222.006060605869,95735.454545454122,98248.903030302376
TN,Wind,0.0,0.0,0.0,0.0,0.0,0.0,0.0,0.0,0.0,0.0
TX,Biomass,78282.799999998882,81114.34545454476,83945.890909089707,86777.436363634653,89608.981818180531,92440.527272725478,95272.072727271356,98103.618181816302,100935.16363636125,103766.70909090713
TX,Coal,518984.26666665077,575512.56969694793,632040.87272725999,688569.17575755715,745097.47878785431,801625.78181815147,858154.08484844863,914682.38787874579,971210.69090905786,1027738.993939355
TX,Ethenol,0.0,0.0,0.0,0.0,0.0,0.0,0.0,0.0,0.0,0.0
TX,Geothermal,0.0,0.0,0.0,0.0,0.0,0.0,0.0,0.0,0.0,0.0
TX,Hydropower,12984.866666666814,13040.569696969862,13096.27272727291,13151.975757575972,13207.67878787902,13263.381818182068,13319.084848485116,13374.787878788178,13430.490909091226,13486.193939394274
TX,Natural Gas,4150011.4000000209,4115721.4000000209,4081431.4000000209,4047141.4000000358,4012851.4000000358,3978561.4000000358,3944271.4000000358,3909981.4000000507,3875691.4000000507,3841401.4000000507
TX,Nuclear Energy,0.0,0.0,0.0,0.0,0.0,0.0,0.0,0.0,0.0,0.0
TX,Petroleum,4530788.5333332419,4730278.9030302167,4929769.2727271318,5129259.6424241066,5328750.0121210814,5528240.3818180561,5727730.7515149713,5927221.121211946,6126711.4909089208,6326201.8606058955
TX,Solar,0.0,0.0,0.0,0.0,0.0,0.0,0.0,0.0,0.0,0.0
TX,Total Consumption,9369334.6666666269,9596782.1333333254,9824229.5999999642,10051677.066666603,10279124.533333242,10506571.99999994,10734019.466666579,10961466.933333218,11188914.399999917,11416361.866666555
TX,Wood and Waste,78282.799999998882,81114.34545454476,83945.890909089707,86777.436363634653,89608.981818180531,92440.527272725478,95272.072727271356,98103.618181816302,100935.16363636125,103766.70909090713
TX,Wind,0.0,0.0,0.0,0.0,0.0,0.0,0.0,0.0,0.0,0.0
UT,Biomass,4920.466666666558,5220.7151515150908,5520.9636363635072,5821.2121212120401,6121.4606060604565,6421.7090909089893,6721.9575757574057,7022.2060606058221,7322.454545454355,7622.7030303027714
UT,Coal,163306.0,172874.2727272734,182442.54545454308,192010.81818181649,201579.09090908989,211147.36363635957,220715.63636363298,230283.90909090638,239852.18181817606,249420.45454544947
UT,Ethenol,0.0,0.0,0.0,0.0,0.0,0.0,0.0,0.0,0.0,0.0
UT,Geothermal,0.0,0.0,0.0,0.0,0.0,0.0,0.0,0.0,0.0,0.0
UT,Hydropower,8674.2000000000116,8454.1636363636935,8234.1272727273754,8014.0909090910573,7794.0545454547391,7574.0181818183628,7353.9818181820447,7133.9454545457265,6913.9090909094084,6693.8727272730321
UT,Natural Gas,118408.1999999999,118699.70909090893,118991.21818181808,119282.72727272712,119574.23636363616,119865.74545454519,120157.25454545434,120448.76363636338,120740.27272727242,121031.78181818157
UT,Nuclear Energy,0.0,0.0,0.0,0.0,0.0,0.0,0.0,0.0,0.0,0.0
UT,Petroleum,226557.66666666605,231823.2424242422,237088.81818181649,242354.39393939264,247619.96969696879,252885.54545454308,258151.12121211924,263416.69696969539,268682.27272726968,273947.84848484583
UT,Solar,0.0,0.0,0.0,0.0,0.0,0.0,0.0,0.0,0.0,0.0
UT,Total Consumption,526787.00000000373,542292.81818182021,557798.6363636367,573304.45454545319,588810.2727272734,604316.09090908989,619821.90909090638,635327.7272727266,650833.54545454308,666339.36363635957
UT,Wood and Waste,4920.466666666558,5220.7151515150908,5520.9636363635072,5821.2121212120401,6121.4606060604565,6421.7090909089893,6721.9575757574057,7022.2060606058221,7322.454545454355,7622.7030303027714
UT,Wind,0.0,0.0,0.0,0.0,0.0,0.0,0.0,0.0,0.0,0.0
VA,Biomass,75750.999999998137,78343.999999998137,80936.999999998137,83529.999999998137,86122.999999998137,88715.999999997206,91308.999999997206,93901.999999997206,96494.999999997206,99087.999999997206
VA,Coal,168026.7333333306,161847.21212120913,155667.69090908952,149488.16969696805,143308.64848484658,137129.12727272511,130949.60606060363,124770.08484848216,118590.56363636069,112411.04242423922
VA,Ethenol,0.0,0.0,0.0,0.0,0.0,0.0,0.0,0.0,0.0,0.0
VA,Geothermal,0.0,0.0,0.0,0.0,0.0,0.0,0.0,0.0,0.0,0.0
VA,Hydropower,13240.466666666849,13497.7515151517,13755.036363636551,14012.32121212146,14269.606060606311,14526.890909091162,14784.175757576071,15041.460606060922,15298.745454545831,15556.030303030682
VA,Natural Gas,125703.20000000019,123192.47272727359,120681.74545454606,118171.01818181947,115660.29090909194,113149.56363636535,110638.83636363782,108128.10909091122,105617.3818181837,103106.6545454571
VA,Nuclear Energy,143725.86666666344,157795.36969696358,171864.87272726744,185934.37575757131,200003.87878787145,214073.38181817532,228142.88484847546,242212.38787877932,256281.89090908319,270351.39393938333
VA,Petroleum,911125.86666667089,922166.46060606465,933207.05454545841,944247.64848485216,955288.24242424592,966328.83636363968,977369.43030303344,988410.0242424272,999450.61818182096,1010491.2121212147
VA,Solar,0.0,0.0,0.0,0.0,0.0,0.0,0.0,0.0,0.0,0.0
VA,Total Consumption,1513324.1333333328,1535187.2666666657,1557050.3999999985,1578913.5333333313,1600776.6666666642,1622639.799999997,1644502.9333333299,1666366.0666666627,1688229.1999999955,1710092.3333333284
VA,Wood and Waste,75750.999999998137,78343.999999998137,80936.999999998137,83529.999999998137,86122.999999998137,88715.999999997206,91308.999999997206,93901.999999997206,96494.999999997206,99087.999999997206
VA,Wind,0.0,0.0,0.0,0.0,0.0,0.0,0.0,0.0,0.0,0.0
VT,Biomass,11657.199999999953,12330.254545454402,13003.30909090885,13676.363636363298,14349.418181817746,15022.472727272427,15695.527272726875,16368.581818181323,17041.636363635771,17714.690909090452
VT,Coal,126.60000000003492,-59.145454545447137,-244.89090909087099,-430.63636363629485,-616.38181818177691,-802.12727272720076,-987.87272727268282,-1173.6181818181067,-1359.3636363635305,-1545.1090909090126
VT,Ethenol,0.0,0.0,0.0,0.0,0.0,0.0,0.0,0.0,0.0,0.0
VT,Geothermal,0.0,0.0,0.0,0.0,0.0,0.0,0.0,0.0,0.0,0.0
VT,Hydropower,10449.399999999965,10587.54545454547,10725.690909090918,10863.836363636365,11001.981818181812,11140.127272727259,11278.272727272706,11416.418181818153,11554.5636363636,11692.709090909048
VT,Natural Gas,4499.4666666667035,4617.4424242424429,4735.4181818182115,4853.3939393939509,4971.3696969697194,5089.3454545454879,5207.3212121212273,5325.2969696969958,5443.2727272727352,5561.2484848485037
VT,Nuclear Energy,51143.533333333209,56201.17575757578,61258.818181818351,66316.460606060922,71374.10303030163,76431.745454544201,81489.387878786772,86547.030303029343,91604.672727271914,96662.315151512623
VT,Petroleum,75352.466666666558,75424.606060605933,75496.745454545307,75568.884848484682,75641.024242424057,75713.163636363432,75785.303030302806,75857.442424242181,75929.581818181556,76001.72121212093
VT,Solar,0.0,0.0,0.0,0.0,0.0,0.0,0.0,0.0,0.0,0.0
VT,Total Consumption,164885.8666666653,171432.13333333097,177978.39999999665,184524.66666666418,191070.93333332986,197617.19999999553,204163.46666666307,210709.73333332874,217255.99999999441,223802.26666666195
VT,Wood and Waste,11657.199999999953,12330.254545454402,13003.30909090885,13676.363636363298,14349.418181817746,15022.472727272427,15695.527272726875,16368.581818181323,17041.636363635771,17714.690909090452
VT,Wind,0.0,0.0,0.0,0.0,0.0,0.0,0.0,0.0,0.0,0.0
WA,Biomass,79350.333333332557,80967.284848484211,82584.236363635398,84201.187878786586,85818.13939393824,87435.090909089427,89052.042424241081,90668.993939392269,92285.945454543922,93902.89696969511
WA,Coal,120699.26666666567,131525.75151515007,142352.23636363447,153178.72121211886,164005.20606060326,174831.69090908766,185658.17575757205,196484.66060605645,207311.14545454085,218137.63030302525
WA,Ethenol,0.0,0.0,0.0,0.0,0.0,0.0,0.0,0.0,0.0,0.0
WA,Geothermal,0.0,0.0,0.0,0.0,0.0,0.0,0.0,0.0,0.0,0.0
WA,Hydropower,892783.26666666567,907179.95151515305,921576.6363636367,935973.32121212035,950370.00606060401,964766.69090908766,979163.37575757131,993560.06060605869,1007956.7454545423,1022353.430303026
WA,Natural Gas,151467.80000000075,148514.87272727396,145561.94545454625,142609.01818181947,139656.09090909269,136703.16363636591,133750.23636363912,130797.30909091234,127844.38181818556,124891.45454545785
WA,Nuclear Energy,44749.799999999814,46092.309090909082,47434.818181817885,48777.327272727154,50119.836363635957,51462.345454545226,52804.854545454029,54147.363636363298,55489.872727272101,56832.381818181369
WA,Petroleum,628842.00000000373,640525.72727273032,652209.45454545692,663893.18181818351,675576.90909091011,687260.6363636367,698944.3636363633,710628.09090908989,722311.81818181649,733995.54545454308
WA,Solar,0.0,0.0,0.0,0.0,0.0,0.0,0.0,0.0,0.0,0.0
WA,Total Consumption,1997242.799999997,2035773.1818181723,2074303.5636363626,2112833.9454545379,2151364.3272727132,2189894.7090909034,2228425.0909090787,2266955.472727254,2305485.8545454443,2344016.2363636196
WA,Wood and Waste,79350.333333332557,80967.284848484211,82584.236363635398,84201.187878786586,85818.13939393824,87435.090909089427,89052.042424241081,90668.993939392269,92285.945454543922,93902.89696969511
WA,Wind,0.0,0.0,0.0,0.0,0.0,0.0,0.0,0.0,0.0,0.0
WI,Biomass,68469.400000000373,71963.963636363856,75458.52727272734,78953.090909090824,82447.654545454308,85942.218181817792,89436.781818181276,92931.34545454476,96425.909090908244,99920.472727271728
WI,Coal,281233.13333333097,275230.26666666381,269227.39999999665,263224.53333332948,257221.66666666418,251218.79999999702,245215.93333332986,239213.06666666269,233210.19999999739,227207.33333333023
WI,Ethenol,0.0,0.0,0.0,0.0,0.0,0.0,0.0,0.0,0.0,0.0
WI,Geothermal,0.0,0.0,0.0,0.0,0.0,0.0,0.0,0.0,0.0,0.0
WI,Hydropower,21631.066666666826,21554.769696969888,21478.472727272951,21402.175757575984,21325.878787879046,21249.581818182109,21173.284848485171,21096.987878788234,21020.690909091296,20944.393939394358
WI,Natural Gas,370068.33333333349,372247.97575757606,374427.61818181863,376607.2606060612,378786.90303030377,380966.54545454541,383146.18787878798,385325.83030303055,387505.47272727313,389685.1151515157
WI,Nuclear Energy,156655.86666667089,170175.86060606316,183695.85454545543,197215.84848485142,210735.84242424369,224255.83636363596,237775.83030303195,251295.82424242422,264815.81818181649,278335.81212120876
WI,Petroleum,596744.26666666567,605548.58787878603,614352.90909090638,623157.23030302674,631961.55151514709,640765.87272726744,649570.19393939152,658374.51515151188,667178.83636363223,675983.15757575259
WI,Solar,0.0,0.0,0.0,0.0,0.0,0.0,0.0,0.0,0.0,0.0
WI,Total Consumption,1563271.4666666612,1588685.387878783,1614099.3090909049,1639513.2303030193,1664927.1515151411,1690341.072727263,1715754.9939393774,1741168.9151514992,1766582.8363636211,1791996.7575757429
WI,Wood and Waste,68469.400000000373,71963.963636363856,75458.52727272734,78953.090909090824,82447.654545454308,85942.218181817792,89436.781818181276,92931.34545454476,96425.909090908244,99920.472727271728
WI,Wind,0.0,0.0,0.0,0.0,0.0,0.0,0.0,0.0,0.0,0.0
WV,Biomass,19076.59999999986,20076.981818181695,21077.363636363531,22077.745454545133,23078.127272726968,24078.509090908803,25078.890909090405,26079.27272727224,27079.654545454076,28080.036363635678
WV,Coal,906325.93333332241,930172.35757574439,954018.78181816638,977865.20606058836,1001711.6303030178,1025558.0545454398,1049404.4787878618,1073250.9030302837,1097097.3272727057,1120943.7515151277
WV,Ethenol,0.0,0.0,0.0,0.0,0.0,0.0,0.0,0.0,0.0,0.0
WV,Geothermal,0.0,0.0,0.0,0.0,0.0,0.0,0.0,0.0,0.0,0.0
WV,Hydropower,10766.733333333425,10661.212121212244,10555.690909091034,10450.169696969853,10344.648484848673,10239.127272727463,10133.606060606282,10028.084848485072,9922.5636363638914,9817.0424242426816
WV,Natural Gas,143530.19999999925,138094.85454545543,132659.50909090973,127224.16363636404,121788.81818182021,116353.47272727452,110918.12727272883,105482.781818185,100047.43636363931,94612.090909093618
WV,Nuclear Energy,0.0,0.0,0.0,0.0,0.0,0.0,0.0,0.0,0.0,0.0
WV,Petroleum,249646.33333332837,259477.32121211663,269308.30909090117,279139.29696968943,288970.28484847769,298801.27272726595,308632.26060605049,318463.24848483875,328294.23636362702,338125.22424241528
WV,Solar,0.0,0.0,0.0,0.0,0.0,0.0,0.0,0.0,0.0,0.0
WV,Total Consumption,1348422.400000006,1378559.7090909109,1408697.0181818232,1438834.3272727281,1468971.636363633,1499108.9454545453,1529246.2545454502,1559383.5636363626,1589520.8727272674,1619658.1818181723
WV,Wood and Waste,19076.59999999986,20076.981818181695,21077.363636363531,22077.745454545133,23078.127272726968,24078.509090908803,25078.890909090405,26079.27272727224,27079.654545454076,28080.036363635678
WV,Wind,0.0,0.0,0.0,0.0,0.0,0.0,0.0,0.0,0.0,0.0
WY,Biomass,2634.0666666666511,2780.7515151515254,2927.4363636363414,3074.1212121212156,3220.8060606060317,3367.4909090908477,3514.1757575757219,3660.860606060538,3807.5454545454122,3954.2303030302282
WY,Coal,279414.99999999255,303876.38181817532,328337.76363635808,352799.1454545334,377260.52727271616,401721.90909089893,426183.29090907425,450644.67272725701,475106.05454543978,499567.4363636151
WY,Ethenol,0.0,0.0,0.0,0.0,0.0,0.0,0.0,0.0,0.0,0.0
WY,Geothermal,0.0,0.0,0.0,0.0,0.0,0.0,0.0,0.0,0.0,0.0
WY,Hydropower,9819.2666666668374,9508.4787878789939,9197.6909090911504,8886.9030303033069,8576.1151515154634,8265.3272727276199,7954.5393939397763,7643.7515151519328,7332.9636363640893,7022.1757575762458
WY,Natural Gas,69242.066666668281,64119.151515152305,58996.236363638192,53873.321212122217,48750.406060608104,43627.490909093991,38504.575757578015,33381.660606063902,28258.745454547927,23135.830303033814
WY,Nuclear Energy,0.0,0.0,0.0,0.0,0.0,0.0,0.0,0.0,0.0,0.0
WY,Petroleum,178576.59999999963,186750.83636363596,194925.07272727229,203099.30909090862,211273.54545454308,219447.78181817941,227622.01818181574,235796.25454545207,243970.49090908654,252144.72727272287
WY,Solar,0.0,0.0,0.0,0.0,0.0,0.0,0.0,0.0,0.0,0.0
WY,Total Consumption,542321.06666666269,569816.35151515156,597311.63636363298,624806.92121211439,652302.20606059581,679797.49090908468,707292.77575756609,734788.06060604751,762283.34545452893,789778.6303030178
WY,Wood and Waste,2634.0666666666511,2780.7515151515254,2927.4363636363414,3074.1212121212156,3220.8060606060317,3367.4909090908477,3514.1757575757219,3660.860606060538,3807.5454545454122,3954.2303030302282
WY,Wind,0.0,0.0,0.0,0.0,0.0,0.0,0.0,0.0,0.0,0.0
