State,Source,coef,intercept
State,MSN,0.99999999999999711,4.6017196439328537e-12
AK,Biomass,115.41818181817897,-222204.01818181251
AK,Coal,732.18181818180301,-1425341.381818152
AK,Ethenol,0.0,0.0
AK,Geothermal,0.0,0.0
AK,Hydropower,67.23636363636227,-128650.23636363367
AK,Natural Gas,3246.7939393938009,-6367009.5939391199
AK,Nuclear Energy,0.0,0.0
AK,Petroleum,4684.0666666665147,-9137857.2666663677
AK,Solar,0.0,0.0
AK,Total Consumption,8644.8363636360555,-16886103.636363029
AK,Wood and Waste,115.41818181817897,-222204.01818181251
AK,Wind,0.0,0.0
AL,Biomass,866.59393939391452,-1654226.3939393447
AL,Coal,31077.587878787086,-60545615.387877233
AL,Ethenol,0.0,0.0
AL,Geothermal,0.0,0.0
AL,Hydropower,1294.8666666666138,-2466352.2666665628
AL,Natural Gas,13430.436363635963,-26146849.836362846
AL,Nuclear Energy,0.0,0.0
AL,Petroleum,10203.587878787535,-19777510.387878109
AL,Solar,0.0,0.0
AL,Total Consumption,57739.666666665027,-112244780.66666344
AL,Wood and Waste,866.59393939391452,-1654226.3939393447
AL,Wind,0.0,0.0
AR,Biomass,-391.1393939393862,803973.53939392406
AR,Coal,-27.757575757574944,54691.95757575598
AR,Ethenol,0.0,0.0
AR,Geothermal,0.0,0.0
AR,Hydropower,2044.4606060605458,-4001367.0606059418
AR,Natural Gas,13966.424242423818,-27163110.824241586
AR,Nuclear Energy,0.0,0.0
AR,Petroleum,8733.9454545451717,-16971355.345453985
AR,Solar,0.0,0.0
AR,Total Consumption,23934.793939393199,-46473194.19393792
AR,Wood and Waste,-391.1393939393862,803973.53939392406
AR,Wind,0.0,0.0
AZ,Biomass,40.321212121209591,-75238.121212116224
AZ,Coal,777.18787878786429,-1520550.3878787595
AZ,Ethenol,0.0,0.0
AZ,Geothermal,0.0,0.0
AZ,Hydropower,4071.1818181817093,-7954729.1818179656
AZ,Natural Gas,5338.9212121210257,-10316622.921211755
AZ,Nuclear Energy,0.0,0.0
AZ,Petroleum,8220.4303030300489,-15995154.230302533
AZ,Solar,0.0,0.0
AZ,Total Consumption,18488.363636363065,-35937532.963635243
AZ,Wood and Waste,40.321212121209591,-75238.121212116224
AZ,Wind,0.0,0.0
CA,Biomass,3586.1272727271644,-6947893.7272725152
CA,Coal,1817.9454545453962,-3519279.9454544308
CA,Ethenol,0.0,0.0
CA,Geothermal,551.02424242422285,-1080036.8242423856
CA,Hydropower,22355.339393938659,-43641633.139392503
CA,Natural Gas,105463.31515151232,-205397939.71514595
CA,Nuclear Energy,2378.8484848483927,-4666996.0484846663
CA,Petroleum,72581.551515149418,-140487567.55151102
CA,Solar,0.0,0.0
CA,Total Consumption,212320.27878787284,-412689240.67877609
CA,Wood and Waste,3586.1272727271644,-6947893.7272725152
CA,Wind,0.0,0.0
CO,Biomass,139.91515151514605,-267976.51515150437
CO,Coal,4790.6909090908121,-9317764.2909088992
CO,Ethenol,0.0,0.0
CO,Geothermal,0.0,0.0
CO,Hydropower,-11.8969696969697,33573.09696969697
CO,Natural Gas,6571.8727272724855,-12696591.672726797
CO,Nuclear Energy,0.0,0.0
CO,Petroleum,10693.575757575431,-20801034.775756933
CO,Solar,0.0,0.0
CO,Total Consumption,22324.072727272054,-43317770.672725946
CO,Wood and Waste,139.91515151514605,-267976.51515150437
CO,Wind,0.0,0.0
CT,Biomass,244.13939393938534,-465874.73939392244
CT,Coal,-3069.3333333331548,6137253.333332981
CT,Ethenol,0.0,0.0
CT,Geothermal,0.0,0.0
CT,Hydropower,5.3636363636312252,-7118.9636363535419
CT,Natural Gas,3327.0424242423269,-6493757.0424240511
CT,Nuclear Energy,3814.3090909089597,-7485193.9090906493
CT,Petroleum,16663.769696969117,-32322427.769695833
CT,Solar,0.0,0.0
CT,Total Consumption,21229.430303029661,-41102993.830301762
CT,Wood and Waste,244.13939393938534,-465874.73939392244
CT,Wind,0.0,0.0
DC,Biomass,-1.8060606060605768,3648.0060606060024
DC,Coal,246.93333333329502,-462172.13333325804
DC,Ethenol,0.0,0.0
DC,Geothermal,0.0,0.0
DC,Hydropower,-4.9999999999998428,9856.5999999996893
DC,Natural Gas,1326.8848484848072,-2588860.2848484037
DC,Nuclear Energy,0.0,0.0
DC,Petroleum,7588.0909090906953,-14824523.29090867
DC,Solar,0.0,0.0
DC,Total Consumption,9751.6848484845723,-19007162.68484794
DC,Wood and Waste,-1.8060606060605768,3648.0060606060024
DC,Wind,0.0,0.0
DE,Biomass,206.35757575756909,-399693.55757574446
DE,Coal,2916.1515151514395,-5697396.9515150022
DE,Ethenol,0.0,0.0
DE,Geothermal,0.0,0.0
DE,Hydropower,0.12727272727272848,-249.72727272727511
DE,Natural Gas,1877.933333333285,-3671048.1333332388
DE,Nuclear Energy,0.0,0.0
DE,Petroleum,2130.1818181817557,-4055191.1818180592
DE,Solar,0.0,0.0
DE,Total Consumption,7337.1090909088889,-14223273.109090509
DE,Wood and Waste,206.35757575756909,-399693.55757574446
DE,Wind,0.0,0.0
FL,Biomass,1849.7696969696415,-3595550.7696968601
FL,Coal,9286.8121212118549,-18181759.812120687
FL,Ethenol,0.0,0.0
FL,Geothermal,0.0,0.0
FL,Hydropower,0.024242424241716624,2812.9757575771464
FL,Natural Gas,18804.715151514549,-36733488.515150331
FL,Nuclear Energy,0.0,0.0
FL,Petroleum,38023.024242423213,-73908751.624240398
FL,Solar,0.0,0.0
FL,Total Consumption,69814.115151513135,-136012288.51514754
FL,Wood and Waste,1849.7696969696415,-3595550.7696968601
FL,Wind,0.0,0.0
GA,Biomass,337.43030303029565,-590545.03030301572
GA,Coal,14306.424242423862,-27965006.024241671
GA,Ethenol,0.0,0.0
GA,Geothermal,0.0,0.0
GA,Hydropower,1133.6848484848153,-2194662.4848484197
GA,Natural Gas,14954.387878787404,-29144524.587877847
GA,Nuclear Energy,0.0,0.0
GA,Petroleum,25271.430303029574,-49255526.430301592
GA,Solar,0.0,0.0
GA,Total Consumption,56340.78787878625,-109740809.5878756
GA,Wood and Waste,337.43030303029565,-590545.03030301572
GA,Wind,0.0,0.0
HI,Biomass,74.903030303027947,-146905.90303029839
HI,Coal,0.0,0.0
HI,Ethenol,0.0,0.0
HI,Geothermal,0.0,0.0
HI,Hydropower,115.47878787878474,-226096.07878787263
HI,Natural Gas,0.0,0.0
HI,Nuclear Energy,0.0,0.0
HI,Petroleum,10270.375757575446,-20040318.775756959
HI,Solar,0.0,0.0
HI,Total Consumption,10535.66060606029,-20560226.660605438
HI,Wood and Waste,74.903030303027947,-146905.90303029839
HI,Wind,0.0,0.0
IA,Biomass,8.1636363636352129,-10120.363636361377
IA,Coal,1711.442424242387,-3243762.0424241689
IA,Ethenol,0.0,0.0
IA,Geothermal,0.0,0.0
IA,Hydropower,-17.515151515147661,43418.315151507573
IA,Natural Gas,13267.278787878377,-25814263.678787068
IA,Nuclear Energy,0.0,0.0
IA,Petroleum,8081.151515151264,-15568923.751514656
IA,Solar,0.0,0.0
IA,Total Consumption,23058.684848484179,-44603771.884847164
IA,Wood and Waste,8.1636363636352129,-10120.363636361377
IA,Wind,0.0,0.0
ID,Biomass,-71.999999999999446,152125.99999999889
ID,Coal,-802.76969696967114,1592274.5696969186
ID,Ethenol,0.0,0.0
ID,Geothermal,0.0,0.0
ID,Hydropower,849.92727272726313,-1603100.727272708
ID,Natural Gas,2221.9757575757012,-4332125.175757465
ID,Nuclear Energy,0.0,0.0
ID,Petroleum,4043.8969696968607,-7855052.6969694812
ID,Solar,0.0,0.0
ID,Total Consumption,6169.0303030301566,-11893752.030302741
ID,Wood and Waste,-71.999999999999446,152125.99999999889
ID,Wind,0.0,0.0
IL,Biomass,1027.3030303029989,-1984185.303030241
IL,Coal,16801.436363635981,-32034491.836362883
IL,Ethenol,0.0,0.0
IL,Geothermal,0.0,0.0
IL,Hydropower,-31.793939393938807,64340.993939392778
IL,Natural Gas,65930.078787876817,-128729125.47878399
IL,Nuclear Energy,471.40606060606422,-915843.00606061309
IL,Petroleum,36379.987878786778,-70248099.587876633
IL,Solar,0.0,0.0
IL,Total Consumption,121605.72121211776,-235831589.52120528
IL,Wood and Waste,1027.3030303029989,-1984185.303030241
IL,Wind,0.0,0.0
IN,Biomass,-6.0969696969712697,35068.09696970004
IN,Coal,25332.654545453825,-48884944.054544024
IN,Ethenol,0.0,0.0
IN,Geothermal,0.0,0.0
IN,Hydropower,595.5939393939185,-1167794.3939393528
IN,Natural Gas,32384.59999999902,-63263614.599998064
IN,Nuclear Energy,0.0,0.0
IN,Petroleum,13154.787878787531,-25201163.587878097
IN,Solar,0.0,0.0
IN,Total Consumption,71455.442424240333,-138447380.4424201
IN,Wood and Waste,-6.0969696969712697,35068.09696970004
IN,Wind,0.0,0.0
KS,Biomass,-65.175757575756052,131520.77575757273
KS,Coal,-480.09696969694824,957054.8969696546
KS,Ethenol,0.0,0.0
KS,Geothermal,0.0,0.0
KS,Hydropower,-13.236363636363206,26143.436363635519
KS,Natural Gas,19044.842424241851,-36986591.442423113
KS,Nuclear Energy,0.0,0.0
KS,Petroleum,5633.4969696968192,-10792091.296969401
KS,Solar,0.0,0.0
KS,Total Consumption,24054.654545453872,-46532442.854544118
KS,Wood and Waste,-65.175757575756052,131520.77575757273
KS,Wind,0.0,0.0
KY,Biomass,110.10909090908623,-193899.30909089994
KY,Coal,22253.290909090287,-43334295.690907873
KY,Ethenol,0.0,0.0
KY,Geothermal,0.0,0.0
KY,Hydropower,447.39999999998724,-850533.19999997481
KY,Natural Gas,7208.0969696966731,-13980870.696969114
KY,Nuclear Energy,0.0,0.0
KY,Petroleum,15913.599999999553,-31003719.399999116
KY,Solar,0.0,0.0
KY,Total Consumption,46042.606060604674,-89557217.606057897
KY,Wood and Waste,110.10909090908623,-193899.30909089994
KY,Wind,0.0,0.0
LA,Biomass,278.79999999998995,-508840.99999998021
LA,Coal,-0.084848484848483882,167.08484848484656
LA,Ethenol,0.0,0.0
LA,Geothermal,0.0,0.0
LA,Hydropower,0.0,0.0
LA,Natural Gas,76393.648484845718,-148813802.84847942
LA,Nuclear Energy,0.0,0.0
LA,Petroleum,47184.145454544043,-92043887.945451751
LA,Solar,0.0,0.0
LA,Total Consumption,124135.30909090489,-241875205.70908266
LA,Wood and Waste,278.79999999998995,-508840.99999998021
LA,Wind,0.0,0.0
MA,Biomass,1336.0666666666284,-2576476.4666665909
MA,Coal,-5173.4969696967555,10272143.696969276
MA,Ethenol,0.0,0.0
MA,Geothermal,0.0,0.0
MA,Hydropower,-80.581818181820339,166603.58181818604
MA,Natural Gas,6768.484848484668,-13186554.48484813
MA,Nuclear Energy,1040.1575757575486,-2032514.9575757037
MA,Petroleum,38699.412121211026,-75094128.412119061
MA,Solar,0.0,0.0
MA,Total Consumption,43926.109090907907,-85027403.509088561
MA,Wood and Waste,1336.0666666666284,-2576476.4666665909
MA,Wind,0.0,0.0
MD,Biomass,955.30909090906459,-1849743.7090908573
MD,Coal,16954.478787878394,-33005034.278787103
MD,Ethenol,0.0,0.0
MD,Geothermal,0.0,0.0
MD,Hydropower,479.85454545453194,-928939.654545428
MD,Natural Gas,7712.5090909088503,-15049183.709090434
MD,Nuclear Energy,0.0,0.0
MD,Petroleum,12440.642424242073,-24039885.642423552
MD,Solar,0.0,0.0
MD,Total Consumption,39498.10303030198,-76722530.703028247
MD,Wood and Waste,955.30909090906459,-1849743.7090908573
MD,Wind,0.0,0.0
ME,Biomass,469.07272727271265,-891107.27272724384
ME,Coal,-1976.6060606060114,3893865.8060605093
ME,Ethenol,0.0,0.0
ME,Geothermal,0.0,0.0
ME,Hydropower,-229.16363636364355,477222.36363637773
ME,Natural Gas,129.8484848484803,-254761.84848483952
ME,Nuclear Energy,0.0,0.0
ME,Petroleum,6066.8242424240343,-11738690.624242013
ME,Solar,0.0,0.0
ME,Total Consumption,4929.0484848482847,-9404578.8484844547
ME,Wood and Waste,469.07272727271265,-891107.27272724384
ME,Wind,0.0,0.0
MI,Biomass,14.084848484847878,9016.5151515163343
MI,Coal,34615.278787878029,-67205020.678786382
MI,Ethenol,0.0,0.0
MI,Geothermal,0.0,0.0
MI,Hydropower,100.58787878787335,-178854.58787877718
MI,Natural Gas,44804.884848483503,-87456219.484845832
MI,Nuclear Energy,666.20606060604234,-1306272.20606057
MI,Petroleum,24962.236363635628,-48239490.636362188
MI,Solar,0.0,0.0
MI,Total Consumption,105177.36363636072,-204367824.56363058
MI,Wood and Waste,14.084848484847878,9016.5151515163343
MI,Wind,0.0,0.0
MN,Biomass,-186.3030303030275,389747.70303029747
MN,Coal,5623.3212121209945,-10894737.721211692
MN,Ethenol,0.0,0.0
MN,Geothermal,0.0,0.0
MN,Hydropower,199.93333333333314,-382766.93333333294
MN,Natural Gas,15558.957575757138,-30315017.557574898
MN,Nuclear Energy,89.593939393938982,-175441.39393939314
MN,Petroleum,12855.10909090872,-24831199.309090178
MN,Solar,0.0,0.0
MN,Total Consumption,33954.309090908071,-65819667.509088896
MN,Wood and Waste,-186.3030303030275,389747.70303029747
MN,Wind,0.0,0.0
MO,Biomass,-1009.7515151514901,2011876.7515151021
MO,Coal,6770.4848484846207,-13110609.284848036
MO,Ethenol,0.0,0.0
MO,Geothermal,0.0,0.0
MO,Hydropower,412.59393939392237,-801767.19393936044
MO,Natural Gas,14238.399999999579,-27636634.199999172
MO,Nuclear Energy,0.0,0.0
MO,Petroleum,17829.763636363117,-34563074.363635346
MO,Solar,0.0,0.0
MO,Total Consumption,37231.739393938282,-72088331.539391741
MO,Wood and Waste,-1009.7515151514901,2011876.7515151021
MO,Wind,0.0,0.0
MS,Biomass,-1423.7999999999631,2836481.9999999269
MS,Coal,1058.3999999999542,-2076370.5999999093
MS,Ethenol,0.0,0.0
MS,Geothermal,0.0,0.0
MS,Hydropower,0.0,0.0
MS,Natural Gas,17258.51515151465,-33651506.315150522
MS,Nuclear Energy,0.0,0.0
MS,Petroleum,11696.878787878422,-22793312.878787156
MS,Solar,0.0,0.0
MS,Total Consumption,27166.193939393088,-52848225.79393772
MS,Wood and Waste,-1423.7999999999631,2836481.9999999269
MS,Wind,0.0,0.0
MT,Biomass,23.345454545454459,-38302.345454545291
MT,Coal,375.30909090907528,-731375.30909087847
MT,Ethenol,0.0,0.0
MT,Geothermal,0.0,0.0
MT,Hydropower,4138.8424242423098,-8052117.8424240155
MT,Natural Gas,1271.8121212120716,-2431520.612121114
MT,Nuclear Energy,0.0,0.0
MT,Petroleum,1136.6666666666174,-2114702.8666665698
MT,Solar,0.0,0.0
MT,Total Consumption,7135.7757575755049,-13755860.375757078
MT,Wood and Waste,23.345454545454459,-38302.345454545291
MT,Wind,0.0,0.0
NC,Biomass,-576.19999999998709,1201073.3999999745
NC,Coal,28102.818181817373,-54873491.818180226
NC,Ethenol,0.0,0.0
NC,Geothermal,0.0,0.0
NC,Hydropower,-365.87272727272131,771331.07272726088
NC,Natural Gas,9645.278787878482,-18866185.478787277
NC,Nuclear Energy,0.0,0.0
NC,Petroleum,18405.745454544933,-35658393.745453522
NC,Solar,0.0,0.0
NC,Total Consumption,54635.569696968094,-106224593.16969381
NC,Wood and Waste,-576.19999999998709,1201073.3999999745
NC,Wind,0.0,0.0
ND,Biomass,-11.842424242424093,23643.042424242125
ND,Coal,2509.8909090908201,-4896317.0909089148
ND,Ethenol,0.0,0.0
ND,Geothermal,0.0,0.0
ND,Hydropower,2103.4242424241797,-4111474.6242423011
ND,Natural Gas,461.52121212120392,-874958.9212121052
ND,Nuclear Energy,0.0,0.0
ND,Petroleum,2440.1454545453926,-4683555.3454544237
ND,Solar,0.0,0.0
ND,Total Consumption,7491.2969696967502,-14519019.896969263
ND,Wood and Waste,-11.842424242424093,23643.042424242125
ND,Wind,0.0,0.0
NE,Biomass,-180.09090909090489,356026.89090908261
NE,Coal,96.933333333316028,-169173.13333329931
NE,Ethenol,0.0,0.0
NE,Geothermal,0.0,0.0
NE,Hydropower,366.07272727271857,-707801.07272725541
NE,Natural Gas,8355.2666666664263,-16243753.666666193
NE,Nuclear Energy,-23.054545454545508,45481.054545454637
NE,Petroleum,4704.4181818180296,-9089177.0181815177
NE,Solar,0.0,0.0
NE,Total Consumption,13139.454545454128,-25452370.054544631
NE,Wood and Waste,-180.09090909090489,356026.89090908261
NE,Wind,0.0,0.0
NH,Biomass,218.99393939393232,-418771.59393937991
NH,Coal,1499.5333333332806,-2932470.3333332292
NH,Ethenol,0.0,0.0
NH,Geothermal,0.0,0.0
NH,Hydropower,-65.636363636367918,142066.03636364473
NH,Natural Gas,248.45454545453626,-484107.25454543636
NH,Nuclear Energy,0.0,0.0
NH,Petroleum,4409.1272727271298,-8559155.327272445
NH,Solar,0.0,0.0
NH,Total Consumption,6529.4666666664407,-12671210.066666223
NH,Wood and Waste,218.99393939393232,-418771.59393937991
NH,Wind,0.0,0.0
NJ,Biomass,1011.2787878787577,-1962574.8787878195
NJ,Coal,-669.66060606042322,1511555.4606057014
NJ,Ethenol,0.0,0.0
NJ,Geothermal,0.0,0.0
NJ,Hydropower,-503.31515151513594,987760.11515148461
NJ,Natural Gas,17680.787878787341,-34513654.18787773
NJ,Nuclear Energy,64.472727272723162,-126538.47272726464
NJ,Petroleum,45271.969696968321,-87809142.569694281
NJ,Solar,0.0,0.0
NJ,Total Consumption,63866.812121210314,-123875169.41211766
NJ,Wood and Waste,1011.2787878787577,-1962574.8787878195
NJ,Wind,0.0,0.0
NM,Biomass,-172.89090909090481,345450.0909090825
NM,Coal,5929.6484848483287,-11621244.44848454
NM,Ethenol,0.0,0.0
NM,Geothermal,0.0,0.0
NM,Hydropower,-11.296969696969462,22709.096969696511
NM,Natural Gas,7768.0606060604077,-15014865.86060567
NM,Nuclear Energy,0.0,0.0
NM,Petroleum,4222.5939393938243,-8170647.1939391671
NM,Solar,0.0,0.0
NM,Total Consumption,17563.224242423781,-34093148.224241517
NM,Wood and Waste,-172.89090909090481,345450.0909090825
NM,Wind,0.0,0.0
NV,Biomass,3.0363636363633244,-5043.0363636357506
NV,Coal,1474.1515151514736,-2888177.151515069
NV,Ethenol,0.0,0.0
NV,Geothermal,0.0,0.0
NV,Hydropower,-290.52727272726383,589329.72727270972
NV,Natural Gas,3683.3454545453446,-7207721.9454543293
NV,Nuclear Energy,0.0,0.0
NV,Petroleum,2961.4787878787001,-5745668.4787877062
NV,Solar,0.0,0.0
NV,Total Consumption,7834.5212121209843,-15262323.921211673
NV,Wood and Waste,3.0363636363633244,-5043.0363636357506
NV,Wind,0.0,0.0
NY,Biomass,264.94545454544453,-462111.5454545258
NY,Coal,5772.4545454544823,-10649978.654545328
NY,Ethenol,0.0,0.0
NY,Geothermal,0.0,0.0
NY,Hydropower,12211.769696969366,-23774541.769696314
NY,Natural Gas,28833.903030302241,-56085927.103028752
NY,Nuclear Energy,1728.3090909090442,-3388300.1090908167
NY,Petroleum,92098.654545452024,-178845210.85454044
NY,Solar,0.0,0.0
NY,Total Consumption,141174.98181817806,-273668181.58181077
NY,Wood and Waste,264.94545454544453,-462111.5454545258
NY,Wind,0.0,0.0
OH,Biomass,869.33333333330802,-1668494.9333332835
OH,Coal,38048.678787877659,-73410698.878785655
OH,Ethenol,0.0,0.0
OH,Geothermal,0.0,0.0
OH,Hydropower,-14.272727272726963,28168.072727272112
OH,Natural Gas,39465.957575756482,-76641178.557573617
OH,Nuclear Energy,0.60000000000017395,-1130.8000000003417
OH,Petroleum,31529.799999999133,-61046110.999998301
OH,Solar,0.0,0.0
OH,Total Consumption,110769.43030302705,-214407941.03029662
OH,Wood and Waste,869.33333333330802,-1668494.9333332835
OH,Wind,0.0,0.0
OK,Biomass,-322.60606060605284,642019.60606059071
OK,Coal,-168.96969696969254,332904.76969696092
OK,Ethenol,0.0,0.0
OK,Geothermal,0.0,0.0
OK,Hydropower,970.71515151511335,-1898142.9151514401
OK,Natural Gas,21510.630303029728,-41805461.630301893
OK,Nuclear Energy,0.0,0.0
OK,Petroleum,9978.6545454542647,-19307548.8545449
OK,Solar,0.0,0.0
OK,Total Consumption,31645.818181817296,-61394209.418180071
OK,Wood and Waste,-322.60606060605284,642019.60606059071
OK,Wind,0.0,0.0
OR,Biomass,296.39999999999407,-524730.19999998831
OR,Coal,-643.218181818164,1270375.818181783
OR,Ethenol,0.0,0.0
OR,Geothermal,0.0,0.0
OR,Hydropower,14004.709090908558,-27337777.509089857
OR,Natural Gas,6843.6303030301005,-13385285.030302633
OR,Nuclear Energy,0.0,0.0
OR,Petroleum,8572.0545454542935,-16590525.854544956
OR,Solar,0.0,0.0
OR,Total Consumption,29369.975757574783,-57092672.975755662
OR,Wood and Waste,296.39999999999407,-524730.19999998831
OR,Wind,0.0,0.0
PA,Biomass,642.89696969694876,-1215057.2969696557
PA,Coal,28716.703030302579,-54790833.703029409
PA,Ethenol,0.0,0.0
PA,Geothermal,0.0,0.0
PA,Hydropower,-549.49696969695219,1094398.0969696625
PA,Natural Gas,27770.515151514322,-53906294.715149872
PA,Nuclear Energy,330.99393939393394,-646128.39393938321
PA,Petroleum,36822.139393938305,-71096538.339391798
PA,Solar,0.0,0.0
PA,Total Consumption,94376.648484846082,-181775511.64848015
PA,Wood and Waste,642.89696969694876,-1215057.2969696557
PA,Wind,0.0,0.0
RI,Biomass,179.6242424242372,-349318.42424241389
RI,Coal,-1703.7757575757028,3357395.3757574675
RI,Ethenol,0.0,0.0
RI,Geothermal,0.0,0.0
RI,Hydropower,-4.9939393939393346,9860.193939393821
RI,Natural Gas,1161.006060606026,-2263797.0060605379
RI,Nuclear Energy,0.0,0.0
RI,Petroleum,821.97575757568302,-1472676.3757574288
RI,Solar,0.0,0.0
RI,Total Consumption,633.46060606054141,-1067854.6606059333
RI,Wood and Waste,179.6242424242372,-349318.42424241389
RI,Wind,0.0,0.0
SC,Biomass,-249.11515151514647,530550.7151515052
SC,Coal,3936.7090909089884,-7615661.9090907061
SC,Ethenol,0.0,0.0
SC,Geothermal,0.0,0.0
SC,Hydropower,-840.49090909090216,1684275.2909090773
SC,Natural Gas,8993.6666666664059,-17574929.666666154
SC,Nuclear Energy,20.836363636364226,-40703.63636363751
SC,Petroleum,5187.0666666665011,-9948097.8666663412
SC,Solar,0.0,0.0
SC,Total Consumption,16799.557575757044,-32434016.357574709
SC,Wood and Waste,-249.11515151514647,530550.7151515052
SC,Wind,0.0,0.0
SD,Biomass,-49.515151515150386,98524.715151512908
SD,Coal,-163.1151515151474,326302.71515150706
SD,Ethenol,0.0,0.0
SD,Geothermal,0.0,0.0
SD,Hydropower,6405.0848484846711,-12545713.684848135
SD,Natural Gas,601.90303030300413,-1154534.5030302515
SD,Nuclear Energy,23.969696969696045,-47003.96969696787
SD,Petroleum,1100.963636363605,-2070347.3636363018
SD,Solar,0.0,0.0
SD,Total Consumption,7869.7757575755295,-15294247.375757126
SD,Wood and Waste,-49.515151515150386,98524.715151512908
SD,Wind,0.0,0.0
TN,Biomass,972.3696969696656,-1862943.3696969079
TN,Coal,6756.1757575755228,-12899639.375757111
TN,Ethenol,0.0,0.0
TN,Geothermal,0.0,0.0
TN,Hydropower,-1466.0060606060197,2969386.4060605257
TN,Natural Gas,12252.903030302698,-23865468.703029647
TN,Nuclear Energy,0.0,0.0
TN,Petroleum,17359.157575757083,-33806980.957574792
TN,Solar,0.0,0.0
TN,Total Consumption,36846.969696968605,-71328589.369694829
TN,Wood and Waste,972.3696969696656,-1862943.3696969079
TN,Wind,0.0,0.0
TX,Biomass,1395.7212121211694,-2699654.3212120375
TX,Coal,561.95151515150678,-1079968.7515151349
TX,Ethenol,0.0,0.0
TX,Geothermal,0.0,0.0
TX,Hydropower,108.3333333333248,-203592.53333331659
TX,Natural Gas,136562.41818181399,-264999085.61817354
TX,Nuclear Energy,0.0,0.0
TX,Petroleum,107841.93939393615,-209876228.33938751
TX,Solar,0.0,0.0
TX,Total Consumption,247866.08484847724,-481558183.88483351
TX,Wood and Waste,1395.7212121211694,-2699654.3212120375
TX,Wind,0.0,0.0
UT,Biomass,5.1575757575749481,-8031.5575757559864
UT,Coal,-487.02424242425718,1031886.824242453
UT,Ethenol,0.0,0.0
UT,Geothermal,0.0,0.0
UT,Hydropower,1108.2303030302733,-2169837.4303029715
UT,Natural Gas,3462.7636363635379,-6709374.763636169
UT,Nuclear Energy,0.0,0.0
UT,Petroleum,4603.5696969695637,-8899350.3696967047
UT,Solar,0.0,0.0
UT,Total Consumption,8697.8545454542691,-16762738.854544912
UT,Wood and Waste,5.1575757575749481,-8031.5575757559864
UT,Wind,0.0,0.0
VA,Biomass,103.96363636363066,-149224.16363635243
VA,Coal,4351.3515151515649,-8190660.3515152475
VA,Ethenol,0.0,0.0
VA,Geothermal,0.0,0.0
VA,Hydropower,-700.21818181816207,1385464.0181817794
VA,Natural Gas,7688.9878787876714,-15004890.187878378
VA,Nuclear Energy,0.0,0.0
VA,Petroleum,23354.951515150751,-45369667.751513653
VA,Solar,0.0,0.0
VA,Total Consumption,34902.999999999083,-67478202.599998191
VA,Wood and Waste,103.96363636363066,-149224.16363635243
VA,Wind,0.0,0.0
VT,Biomass,-96.236363636360807,196017.03636363082
VT,Coal,-214.15757575757121,423456.15757574857
VT,Ethenol,0.0,0.0
VT,Geothermal,0.0,0.0
VT,Hydropower,35.406060606056769,-61296.00606059852
VT,Natural Gas,259.5454545454453,-509242.54545452714
VT,Nuclear Energy,0.0,0.0
VT,Petroleum,2598.7757575756914,-5047671.1757574454
VT,Solar,0.0,0.0
VT,Total Consumption,2487.0969696969005,-4802719.4969695611
VT,Wood and Waste,-96.236363636360807,196017.03636363082
VT,Wind,0.0,0.0
WA,Biomass,1103.0606060605817,-2103508.8606060129
WA,Coal,-1075.3090909090602,2124163.5090908483
WA,Ethenol,0.0,0.0
WA,Geothermal,0.0,0.0
WA,Hydropower,37718.81212121102,-73580253.212119043
WA,Natural Gas,10027.690909090641,-19588449.29090856
WA,Nuclear Energy,4992.9575757574239,-9796730.1575754602
WA,Petroleum,17748.006060605527,-34449211.606059551
WA,Solar,0.0,0.0
WA,Total Consumption,71618.278787876698,-139497498.47878376
WA,Wood and Waste,1103.0606060605817,-2103508.8606060129
WA,Wind,0.0,0.0
WI,Biomass,160.5090909090865,-275842.90909090039
WI,Coal,8384.4060606058192,-16132673.806060128
WI,Ethenol,0.0,0.0
WI,Geothermal,0.0,0.0
WI,Hydropower,67.20000000000384,-110532.20000000752
WI,Natural Gas,24314.618181817466,-47568785.218180418
WI,Nuclear Energy,0.0,0.0
WI,Petroleum,10936.678787878438,-21057260.87878719
WI,Solar,0.0,0.0
WI,Total Consumption,44023.921212119887,-85420937.921209499
WI,Wood and Waste,160.5090909090865,-275842.90909090039
WI,Wind,0.0,0.0
WV,Biomass,-192.08484848484341,389570.08484847477
WV,Coal,29983.133333332469,-58421424.933331624
WV,Ethenol,0.0,0.0
WV,Geothermal,0.0,0.0
WV,Hydropower,-70.139393939395461,147540.93939394236
WV,Natural Gas,2296.7151515151149,-4342063.7151514431
WV,Nuclear Energy,0.0,0.0
WV,Petroleum,2255.3030303029759,-4292860.9030301953
WV,Solar,0.0,0.0
WV,Total Consumption,34080.842424241477,-66129668.442422368
WV,Wood and Waste,-192.08484848484341,389570.08484847477
WV,Wind,0.0,0.0
WY,Biomass,-2.2909090909090155,6008.2909090907606
WY,Coal,3871.0121212120016,-7570884.6121209757
WY,Ethenol,0.0,0.0
WY,Geothermal,0.0,0.0
WY,Hydropower,350.22424242423455,-678969.4242424086
WY,Natural Gas,3445.3878787877361,-6704179.1878785063
WY,Nuclear Energy,0.0,0.0
WY,Petroleum,2917.1333333332504,-5640828.9333331697
WY,Solar,0.0,0.0
WY,Total Consumption,10579.175757575405,-20582845.575756881
WY,Wood and Waste,-2.2909090909090155,6008.2909090907606
WY,Wind,0.0,0.0
