State,MSN,1969.9999999999989,1970.9999999999989,1971.9999999999989,1972.9999999999989,1973.9999999999989,1974.9999999999989,1975.9999999999989,1976.9999999999989,1977.9999999999989,1978.9999999999989
AK,Biomass,5169.8000000000466,5285.2181818182289,5400.6363636364113,5516.0545454545936,5631.472727272776,5746.8909090909292,5862.3090909091115,5977.7272727272939,6093.1454545454762,6208.5636363636586
AK,Coal,17056.799999999814,17788.981818181695,18521.163636363577,19253.345454545226,19985.527272727108,20717.709090908989,21449.890909090638,22182.07272727252,22914.254545454402,23646.43636363605
AK,Ethenol,0.0,0.0,0.0,0.0,0.0,0.0,0.0,0.0,0.0,0.0
AK,Geothermal,0.0,0.0,0.0,0.0,0.0,0.0,0.0,0.0,0.0,0.0
AK,Hydropower,3805.4000000000087,3872.6363636363676,3939.8727272727265,4007.1090909090854,4074.3454545454442,4141.5818181818031,4208.8181818181911,4276.05454545455,4343.2909090909088,4410.5272727272677
AK,Natural Gas,29174.466666667722,32421.260606061667,35668.054545455612,38914.848484849557,42161.642424242571,45408.436363636516,48655.230303030461,51902.024242424406,55148.818181818351,58395.612121212296
AK,Nuclear Energy,0.0,0.0,0.0,0.0,0.0,0.0,0.0,0.0,0.0,0.0
AK,Petroleum,89754.066666666418,94438.133333332837,99122.199999999255,103806.26666666567,108490.33333333209,113174.39999999851,117858.46666666493,122542.53333333135,127226.59999999776,131910.66666666418
AK,Solar,0.0,0.0,0.0,0.0,0.0,0.0,0.0,0.0,0.0,0.0
AK,Total Consumption,144224.0,152868.83636363596,161513.67272727191,170158.50909090787,178803.34545454383,187448.18181817979,196093.01818181574,204737.8545454517,213382.69090908766,222027.52727272362
AK,Wood and Waste,5169.8000000000466,5285.2181818182289,5400.6363636364113,5516.0545454545936,5631.472727272776,5746.8909090909292,5862.3090909091115,5977.7272727272939,6093.1454545454762,6208.5636363636586
AK,Wind,0.0,0.0,0.0,0.0,0.0,0.0,0.0,0.0,0.0,0.0
AL,Biomass,52963.666666666977,53830.260606060736,54696.854545454727,55563.448484848719,56430.042424242478,57296.636363636469,58163.230303030461,59029.824242424453,59896.418181818211,60763.012121212203
AL,Coal,677232.73333332688,708310.3212121129,739387.90909089893,770465.49696968496,801543.08484847099,832620.67272726446,863698.26060605049,894775.84848483652,925853.43636362255,956931.02424240857
AL,Ethenol,0.0,0.0,0.0,0.0,0.0,0.0,0.0,0.0,0.0,0.0
AL,Geothermal,0.0,0.0,0.0,0.0,0.0,0.0,0.0,0.0,0.0,0.0
AL,Hydropower,84535.066666666418,85829.933333333116,87124.799999999814,88419.666666666511,89714.533333332743,91009.399999999441,92304.266666666139,93599.133333332837,94893.999999999534,96188.866666665766
AL,Natural Gas,311109.80000000075,324540.23636363819,337970.67272727191,351401.10909090936,364831.54545454308,378261.98181818053,391692.41818181798,405122.8545454517,418553.29090908915,431983.72727272287
AL,Nuclear Energy,0.0,0.0,0.0,0.0,0.0,0.0,0.0,0.0,0.0,0.0
AL,Petroleum,323557.73333333433,333761.32121212408,343964.90909091011,354168.49696969986,364372.08484848589,374575.67272727191,384779.26060606167,394982.84848484769,405186.43636363745,415390.02424242347
AL,Solar,0.0,0.0,0.0,0.0,0.0,0.0,0.0,0.0,0.0,0.0
AL,Total Consumption,1502362.6666666716,1560102.3333333284,1617842.0,1675581.6666666567,1733321.3333333284,1791060.9999999851,1848800.6666666567,1906540.3333333135,1964279.9999999851,2022019.6666666567
AL,Wood and Waste,52963.666666666977,53830.260606060736,54696.854545454727,55563.448484848719,56430.042424242478,57296.636363636469,58163.230303030461,59029.824242424453,59896.418181818211,60763.012121212203
AL,Wind,0.0,0.0,0.0,0.0,0.0,0.0,0.0,0.0,0.0,0.0
AR,Biomass,33428.933333333232,33037.793939393829,32646.654545454425,32255.515151515137,31864.375757575734,31473.23636363633,31082.096969696926,30690.957575757522,30299.818181818118,29908.678787878831
AR,Coal,9.5333333333401242,-18.224242424235854,-45.981818181811832,-73.73939393938781,-101.49696969696379,-129.25454545453249,-157.01212121210847,-184.76969696968445,-212.52727272726042,-240.2848484848364
AR,Ethenol,0.0,0.0,0.0,0.0,0.0,0.0,0.0,0.0,0.0,0.0
AR,Geothermal,0.0,0.0,0.0,0.0,0.0,0.0,0.0,0.0,0.0,0.0
AR,Hydropower,26220.333333333489,28264.793939393945,30309.254545454402,32353.715151515324,34398.17575757578,36442.636363636237,38487.096969696693,40531.55757575715,42576.018181818072,44620.478787878528
AR,Natural Gas,350744.93333333731,364711.35757575929,378677.781818185,392644.20606060699,406610.6303030327,420577.05454545468,434543.47878788039,448509.90303030238,462476.32727272809,476442.75151515007
AR,Nuclear Energy,0.0,0.0,0.0,0.0,0.0,0.0,0.0,0.0,0.0,0.0
AR,Petroleum,234517.20000000298,243251.1454545483,251985.09090909362,260719.03636363894,269452.98181818426,278186.92727272958,286920.87272727489,295654.81818182021,304388.76363636553,313122.70909091085
AR,Solar,0.0,0.0,0.0,0.0,0.0,0.0,0.0,0.0,0.0,0.0
AR,Total Consumption,678349.86666668206,702284.6606060788,726219.45454546809,750154.24848486483,774089.04242425412,798023.83636365086,821958.63030304015,845893.42424243689,869828.21818182617,893763.01212122291
AR,Wood and Waste,33428.933333333232,33037.793939393829,32646.654545454425,32255.515151515137,31864.375757575734,31473.23636363633,31082.096969696926,30690.957575757522,30299.818181818118,29908.678787878831
AR,Wind,0.0,0.0,0.0,0.0,0.0,0.0,0.0,0.0,0.0,0.0
AZ,Biomass,4194.6666666666715,4234.9878787878843,4275.3090909090824,4315.6303030302952,4355.9515151515079,4396.2727272727207,4436.5939393939334,4476.9151515151316,4517.2363636363443,4557.5575757575571
AZ,Coal,10509.733333333163,11286.921212120913,12064.109090908896,12841.296969696647,13618.48484848463,14395.67272727238,15172.860606060363,15950.048484848114,16727.236363636097,17504.424242423847
AZ,Ethenol,0.0,0.0,0.0,0.0,0.0,0.0,0.0,0.0,0.0,0.0
AZ,Geothermal,0.0,0.0,0.0,0.0,0.0,0.0,0.0,0.0,0.0,0.0
AZ,Hydropower,65499.000000001863,69570.181818183511,73641.36363636516,77712.545454546809,81783.727272728458,85854.909090910107,89926.090909091756,93997.272727273405,98068.454545455053,102139.63636363763
AZ,Natural Gas,201051.8666666653,206390.78787878715,211729.70909090713,217068.63030302897,222407.55151515082,227746.4727272708,233085.39393939264,238424.31515151262,243763.23636363447,249102.15757575445
AZ,Nuclear Energy,0.0,0.0,0.0,0.0,0.0,0.0,0.0,0.0,0.0,0.0
AZ,Petroleum,199093.46666666307,207313.89696969278,215534.3272727225,223754.75757575408,231975.18787878379,240195.61818181351,248416.04848484322,256636.47878787294,264856.90909090266,273077.33939393423
AZ,Solar,0.0,0.0,0.0,0.0,0.0,0.0,0.0,0.0,0.0,0.0
AZ,Total Consumption,484543.39999999106,503031.76363635808,521520.12727271765,540008.49090908468,558496.85454544425,576985.21818181127,595473.58181817085,613961.94545453787,632450.30909089744,650938.67272726446
AZ,Wood and Waste,4194.6666666666715,4234.9878787878843,4275.3090909090824,4315.6303030302952,4355.9515151515079,4396.2727272727207,4436.5939393939334,4476.9151515151316,4517.2363636363443,4557.5575757575571
AZ,Wind,0.0,0.0,0.0,0.0,0.0,0.0,0.0,0.0,0.0,0.0
CA,Biomass,116776.99999999907,120363.12727272604,123949.254545453,127535.38181817997,131121.50909090694,134707.63636363484,138293.76363636181,141879.89090908878,145466.01818181574,149052.14545454271
CA,Coal,62072.599999999627,63890.545454544947,65708.490909090266,67526.43636363605,69344.381818181369,71162.327272726689,72980.272727272008,74798.218181817327,76616.163636362646,78434.109090908431
CA,Ethenol,0.0,0.0,0.0,0.0,0.0,0.0,0.0,0.0,0.0,0.0
CA,Geothermal,5480.9333333333489,6031.957575757755,6582.9818181819282,7134.0060606061015,7685.0303030302748,8236.0545454544481,8787.0787878788542,9338.1030303030275,9889.1272727272008,10440.151515151374
CA,Hydropower,398385.46666665375,420740.8060605973,443096.1454545334,465451.4848484695,487806.82424241304,510162.16363634914,532517.50303028524,554872.84242422879,577228.18181816489,599583.52121210098
CA,Natural Gas,2364791.1333333254,2470254.448484838,2575717.7636363506,2681181.0787878633,2786644.3939393759,2892107.7090908885,2997571.0242424011,3103034.3393939137,3208497.6545454264,3313960.969696939
CA,Nuclear Energy,19335.466666667722,21714.315151515417,24093.163636364043,26472.012121212669,28850.860606061295,31229.709090908989,33608.557575757615,35987.406060606241,38366.254545454867,40745.103030302562
CA,Petroleum,2498088.9333333373,2570670.4848484695,2643252.0363636315,2715833.5878787935,2788415.1393939257,2860996.6909090877,2933578.2424242198,3006159.7939393818,3078741.3454545438,3151322.896969676
CA,Solar,0.0,0.0,0.0,0.0,0.0,0.0,0.0,0.0,0.0,0.0
CA,Total Consumption,5581708.5333334208,5794028.8121212721,6006349.090909183,6218669.3696970344,6430989.6484848857,6643309.9272727966,6855630.206060648,7067950.4848484993,7280270.7636364102,7492591.0424242616
CA,Wood and Waste,116776.99999999907,120363.12727272604,123949.254545453,127535.38181817997,131121.50909090694,134707.63636363484,138293.76363636181,141879.89090908878,145466.01818181574,149052.14545454271
CA,Wind,0.0,0.0,0.0,0.0,0.0,0.0,0.0,0.0,0.0,0.0
CO,Biomass,7656.3333333333721,7796.2484848484746,7936.1636363636353,8076.078787878796,8215.9939393939567,8355.9090909090592,8495.8242424242198,8635.7393939393805,8775.6545454545412,8915.5696969696437
CO,Coal,119896.80000000075,124687.49090909213,129478.18181818165,134268.87272727303,139059.56363636442,143850.25454545394,148640.94545454532,153431.6363636367,158222.32727272622,163013.01818181761
CO,Ethenol,0.0,0.0,0.0,0.0,0.0,0.0,0.0,0.0,0.0,0.0
CO,Geothermal,0.0,0.0,0.0,0.0,0.0,0.0,0.0,0.0,0.0,0.0
CO,Hydropower,10136.066666666662,10124.16969696969,10112.272727272721,10100.375757575752,10088.478787878783,10076.58181818181,10064.684848484841,10052.787878787873,10040.890909090904,10028.993939393935
CO,Natural Gas,249997.59999999963,256569.47272727266,263141.34545454383,269713.21818181686,276285.09090908989,282856.96363636106,289428.83636363409,296000.70909090713,302572.58181818016,309144.45454545133
CO,Nuclear Energy,0.0,0.0,0.0,0.0,0.0,0.0,0.0,0.0,0.0,0.0
CO,Petroleum,265309.46666666493,276003.04242423922,286696.61818181723,297390.19393939152,308083.76969696581,318777.34545454383,329470.92121211812,340164.49696969241,350858.07272727042,361551.64848484471
CO,Solar,0.0,0.0,0.0,0.0,0.0,0.0,0.0,0.0,0.0,0.0
CO,Total Consumption,660652.60000000149,682976.67272727191,705300.74545454234,727624.81818182021,749948.89090909064,772272.96363636106,794597.03636363149,816921.10909090191,839245.18181817979,861569.25454545021
CO,Wood and Waste,7656.3333333333721,7796.2484848484746,7936.1636363636353,8076.078787878796,8215.9939393939567,8355.9090909090592,8495.8242424242198,8635.7393939393805,8775.6545454545412,8915.5696969696437
CO,Wind,0.0,0.0,0.0,0.0,0.0,0.0,0.0,0.0,0.0,0.0
CT,Biomass,15079.866666666698,15324.006060606043,15568.145454545447,15812.284848484851,16056.424242424197,16300.5636363636,16544.703030303004,16788.842424242408,17032.981818181754,17277.121212121157
CT,Coal,90666.666666666046,87597.333333333023,84528.0,81458.666666666977,78389.333333333023,75320.0,72250.666666666977,69181.333333333954,66112.000000000931,63042.666666667908
CT,Ethenol,0.0,0.0,0.0,0.0,0.0,0.0,0.0,0.0,0.0,0.0
CT,Geothermal,0.0,0.0,0.0,0.0,0.0,0.0,0.0,0.0,0.0,0.0
CT,Hydropower,3447.3999999999714,3452.7636363636038,3458.1272727272344,3463.490909090865,3468.8545454544974,3474.218181818128,3479.5818181817585,3484.9454545453909,3490.3090909090215,3495.6727272726521
CT,Natural Gas,60516.533333333209,63843.575757575221,67170.618181817234,70497.660606060177,73824.703030302189,77151.745454544201,80478.787878787145,83805.830303029157,87132.872727271169,90459.915151514113
CT,Nuclear Energy,28995.000000000931,32809.309090910479,36623.618181819096,40437.927272727713,44252.236363637261,48066.545454545878,51880.854545454495,55695.163636364043,59509.47272727266,63323.781818182208
CT,Petroleum,505198.53333332762,521862.30303029716,538526.0727272667,555189.84242423251,571853.61212120205,588517.38181817159,605181.15151514113,621844.92121211067,638508.69090908021,655172.46060604975
CT,Solar,0.0,0.0,0.0,0.0,0.0,0.0,0.0,0.0,0.0,0.0
CT,Total Consumption,718983.86666667461,740213.29696970433,761442.72727273405,782672.15757576376,803901.58787879348,825131.01818182319,846360.44848485291,867589.87878788263,888819.30909091234,910048.73939394206
CT,Wood and Waste,15079.866666666698,15324.006060606043,15568.145454545447,15812.284848484851,16056.424242424197,16300.5636363636,16544.703030303004,16788.842424242408,17032.981818181754,17277.121212121157
CT,Wind,0.0,0.0,0.0,0.0,0.0,0.0,0.0,0.0,0.0,0.0
DC,Biomass,90.066666666666151,88.260606060605369,86.454545454545041,84.648484848484259,82.842424242423931,81.036363636363149,79.230303030302366,77.424242424242038,75.618181818181256,73.812121212120928
DC,Coal,24286.533333333151,24533.466666666442,24780.399999999732,25027.333333333023,25274.266666666314,25521.199999999662,25768.133333332953,26015.066666666244,26261.999999999534,26508.933333332825
DC,Ethenol,0.0,0.0,0.0,0.0,0.0,0.0,0.0,0.0,0.0,0.0
DC,Geothermal,0.0,0.0,0.0,0.0,0.0,0.0,0.0,0.0,0.0,0.0
DC,Hydropower,6.5999999999985448,1.5999999999985448,-3.4000000000014552,-8.3999999999996362,-13.399999999999636,-18.399999999999636,-23.399999999999636,-28.399999999999636,-33.399999999999636,-38.399999999999636
DC,Natural Gas,25102.866666666698,26429.751515151467,27756.636363636237,29083.521212121006,30410.406060605776,31737.290909090545,33064.175757575314,34391.060606060084,35717.945454544853,37044.830303029623
DC,Nuclear Energy,0.0,0.0,0.0,0.0,0.0,0.0,0.0,0.0,0.0,0.0
DC,Petroleum,124015.79999999888,131603.89090909064,139191.98181818053,146780.07272727229,154368.16363636218,161956.25454545394,169544.34545454383,177132.43636363372,184720.52727272548,192308.61818181537
DC,Solar,0.0,0.0,0.0,0.0,0.0,0.0,0.0,0.0,0.0,0.0
DC,Total Consumption,203656.46666666865,213408.15151515231,223159.83636363596,232911.52121211961,242663.20606060699,252414.89090909064,262166.57575757429,271918.26060605794,281669.94545454532,291421.63030302897
DC,Wood and Waste,90.066666666666151,88.260606060605369,86.454545454545041,84.648484848484259,82.842424242423931,81.036363636363149,79.230303030302366,77.424242424242038,75.618181818181256,73.812121212120928
DC,Wind,0.0,0.0,0.0,0.0,0.0,0.0,0.0,0.0,0.0,0.0
DE,Biomass,6830.8666666666395,7037.2242424242431,7243.5818181817885,7449.939393939334,7656.2969696969376,7862.654545454483,8069.0121212120866,8275.3696969696321,8481.7272727272357,8688.0848484847811
DE,Coal,47421.53333333414,50337.684848485515,53253.836363636889,56169.987878788263,59086.139393939637,62002.290909091011,64918.442424242385,67834.593939393759,70750.745454545133,73666.896969696507
DE,Ethenol,0.0,0.0,0.0,0.0,0.0,0.0,0.0,0.0,0.0,0.0
DE,Geothermal,0.0,0.0,0.0,0.0,0.0,0.0,0.0,0.0,0.0,0.0
DE,Hydropower,1.0,1.1272727272727252,1.2545454545454504,1.3818181818181756,1.5090909090909008,1.6363636363636545,1.7636363636363797,1.8909090909091049,2.0181818181818301,2.1454545454545553
DE,Natural Gas,28480.533333332743,30358.46666666586,32236.399999998976,34114.333333332557,35992.266666665673,37870.199999999255,39748.133333332371,41626.066666665487,43503.999999999069,45381.933333332185
DE,Nuclear Energy,0.0,0.0,0.0,0.0,0.0,0.0,0.0,0.0,0.0,0.0
DE,Petroleum,141266.99999999953,143397.18181818118,145527.36363636283,147657.54545454448,149787.72727272706,151917.90909090871,154048.09090909036,156178.27272727201,158308.45454545366,160438.63636363531
DE,Solar,0.0,0.0,0.0,0.0,0.0,0.0,0.0,0.0,0.0,0.0
DE,Total Consumption,230831.80000000261,238168.90909091197,245506.01818181947,252843.12727272883,260180.23636363819,267517.34545454755,274854.45454545505,282191.56363636442,289528.67272727378,296865.78181818314
DE,Wood and Waste,6830.8666666666395,7037.2242424242431,7243.5818181817885,7449.939393939334,7656.2969696969376,7862.654545454483,8069.0121212120866,8275.3696969696321,8481.7272727272357,8688.0848484847811
DE,Wind,0.0,0.0,0.0,0.0,0.0,0.0,0.0,0.0,0.0,0.0
FL,Biomass,48495.533333333675,50345.303030303214,52195.072727272753,54044.842424242292,55894.612121212296,57744.381818181835,59594.151515151374,61443.921212120913,63293.690909090918,65143.460606060456
FL,Coal,113260.06666666642,122546.8787878789,131833.69090909138,141120.50303030387,150407.31515151262,159694.12727272511,168980.93939393759,178267.75151515007,187554.56363636255,196841.37575757504
FL,Ethenol,0.0,0.0,0.0,0.0,0.0,0.0,0.0,0.0,0.0,0.0
FL,Geothermal,0.0,0.0,0.0,0.0,0.0,0.0,0.0,0.0,0.0,0.0
FL,Hydropower,2860.7333333333281,2860.7575757575701,2860.7818181818116,2860.8060606060535,2860.830303030295,2860.8545454545369,2860.8787878787784,2860.9030303030204,2860.9272727272619,2860.9515151515034
FL,Natural Gas,311800.33333332837,330605.04848484695,349409.76363635808,368214.47878787667,387019.1939393878,405823.90909090638,424628.62424241751,443433.33939392865,462238.05454544723,481042.76969695836
FL,Nuclear Energy,0.0,0.0,0.0,0.0,0.0,0.0,0.0,0.0,0.0,0.0
FL,Petroleum,996606.13333332539,1034629.1575757563,1072652.1818181723,1110675.2060606033,1148698.2303030193,1186721.2545454502,1224744.2787878662,1262767.3030302972,1300790.3272727132,1338813.3515151441
FL,Solar,0.0,0.0,0.0,0.0,0.0,0.0,0.0,0.0,0.0,0.0
FL,Total Consumption,1521518.3333333433,1591332.448484838,1661146.5636363626,1730960.6787878871,1800774.7939393818,1870588.9090909064,1940403.0242424309,2010217.1393939257,2080031.2545454502,2149845.369696945
FL,Wood and Waste,48495.533333333675,50345.303030303214,52195.072727272753,54044.842424242292,55894.612121212296,57744.381818181835,59594.151515151374,61443.921212120913,63293.690909090918,65143.460606060456
FL,Wind,0.0,0.0,0.0,0.0,0.0,0.0,0.0,0.0,0.0,0.0
GA,Biomass,74192.666666666744,74530.096969697042,74867.52727272734,75204.957575757639,75542.387878787937,75879.818181818235,76217.248484848533,76554.678787878715,76892.109090909013,77229.539393939311
GA,Coal,218649.73333333805,232956.15757576004,247262.58181818575,261569.00606060773,275875.43030303344,290181.85454545543,304488.27878788114,318794.70303030312,333101.12727272883,347407.55151515082
GA,Ethenol,0.0,0.0,0.0,0.0,0.0,0.0,0.0,0.0,0.0,0.0
GA,Geothermal,0.0,0.0,0.0,0.0,0.0,0.0,0.0,0.0,0.0,0.0
GA,Hydropower,38696.666666666511,39830.35151515156,40964.036363636144,42097.721212121192,43231.406060605776,44365.090909090824,45498.775757575408,46632.460606060456,47766.14545454504,48899.830303030089
GA,Natural Gas,315619.5333333388,330573.92121212557,345528.30909091234,360482.69696969911,375437.08484848589,390391.47272727638,405345.86060606316,420300.24848484993,435254.6363636367,450209.02424242347
GA,Nuclear Energy,0.0,0.0,0.0,0.0,0.0,0.0,0.0,0.0,0.0,0.0
GA,Petroleum,529191.26666666567,554462.69696969539,579734.12727272511,605005.55757575482,630276.98787878454,655548.41818181425,680819.84848484397,706091.27878787369,731362.7090909034,756634.13939393312
GA,Solar,0.0,0.0,0.0,0.0,0.0,0.0,0.0,0.0,0.0,0.0
GA,Total Consumption,1250542.5333333015,1306883.321212098,1363224.1090908796,1419564.8969696611,1475905.6848484576,1532246.4727272391,1588587.2606060207,1644928.0484848171,1701268.8363635987,1757609.6242423803
GA,Wood and Waste,74192.666666666744,74530.096969697042,74867.52727272734,75204.957575757639,75542.387878787937,75879.818181818235,76217.248484848533,76554.678787878715,76892.109090909013,77229.539393939311
GA,Wind,0.0,0.0,0.0,0.0,0.0,0.0,0.0,0.0,0.0,0.0
HI,Biomass,653.06666666668025,727.96969696969609,802.87272727271193,877.77575757575687,952.67878787877271,1027.5818181818177,1102.4848484848335,1177.3878787878493,1252.2909090908943,1327.1939393939101
HI,Coal,0.0,0.0,0.0,0.0,0.0,0.0,0.0,0.0,0.0,0.0
HI,Ethenol,0.0,0.0,0.0,0.0,0.0,0.0,0.0,0.0,0.0,0.0
HI,Geothermal,0.0,0.0,0.0,0.0,0.0,0.0,0.0,0.0,0.0,0.0
HI,Hydropower,1397.1333333333314,1512.6121212120925,1628.0909090908826,1743.5696969696728,1859.048484848463,1974.5272727272531,2090.0060606060142,2205.4848484848044,2320.9636363635946,2436.4424242423847
HI,Natural Gas,0.0,0.0,0.0,0.0,0.0,0.0,0.0,0.0,0.0,0.0
HI,Nuclear Energy,0.0,0.0,0.0,0.0,0.0,0.0,0.0,0.0,0.0,0.0
HI,Petroleum,192321.46666666865,202591.84242424741,212862.21818182245,223132.59393939748,233402.96969697252,243673.34545454755,253943.72121212259,264214.09696969762,274484.47272727266,284754.84848484769
HI,Solar,0.0,0.0,0.0,0.0,0.0,0.0,0.0,0.0,0.0,0.0
HI,Total Consumption,195024.73333333433,205560.3939393945,216096.05454545468,226631.71515151486,237167.37575757504,247703.03636363521,258238.69696969539,268774.35757575557,279310.01818181574,289845.67878787592
HI,Wood and Waste,653.06666666668025,727.96969696969609,802.87272727271193,877.77575757575687,952.67878787877271,1027.5818181818177,1102.4848484848335,1177.3878787878493,1252.2909090908943,1327.1939393939101
HI,Wind,0.0,0.0,0.0,0.0,0.0,0.0,0.0,0.0,0.0,0.0
IA,Biomass,5961.9999999999927,5970.163636363628,5978.3272727272633,5986.4909090908986,5994.6545454545339,6002.8181818181693,6010.9818181818046,6019.1454545454399,6027.3090909090752,6035.4727272727105
IA,Coal,127779.53333333367,129490.97575757606,131202.41818181844,132913.86060606083,134625.30303030321,136336.7454545456,138048.18787878798,139759.63030303037,141471.07272727275,143182.51515151514
IA,Ethenol,0.0,0.0,0.0,0.0,0.0,0.0,0.0,0.0,0.0,0.0
IA,Geothermal,0.0,0.0,0.0,0.0,0.0,0.0,0.0,0.0,0.0,0.0
IA,Hydropower,8913.4666666666817,8895.951515151537,8878.4363636363851,8860.9212121212404,8843.4060606060884,8825.8909090909438,8808.3757575757918,8790.8606060606471,8773.3454545455024,8755.8303030303505
IA,Natural Gas,322275.53333333507,335542.81212121248,348810.09090908989,362077.36969697103,375344.64848484844,388611.92727272585,401879.20606060326,415146.4848484844,428413.76363636181,441681.04242423922
IA,Nuclear Energy,0.0,0.0,0.0,0.0,0.0,0.0,0.0,0.0,0.0,0.0
IA,Petroleum,350944.73333333433,359025.88484848477,367107.03636363521,375188.18787878752,383269.33939393796,391350.49090909027,399431.64242424071,407512.79393939301,415593.94545454346,423675.09696969576
IA,Solar,0.0,0.0,0.0,0.0,0.0,0.0,0.0,0.0,0.0,0.0
IA,Total Consumption,821837.26666666567,844895.95151515305,867954.63636364043,891013.32121212035,914072.00606060773,937130.69090908766,960189.37575757504,983248.06060605496,1006306.7454545423,1029365.4303030297
IA,Wood and Waste,5961.9999999999927,5970.163636363628,5978.3272727272633,5986.4909090908986,5994.6545454545339,6002.8181818181693,6010.9818181818046,6019.1454545454399,6027.3090909090752,6035.4727272727105
IA,Wind,0.0,0.0,0.0,0.0,0.0,0.0,0.0,0.0,0.0,0.0
ID,Biomass,10286.0,10214.0,10142.0,10070.0,9998.0,9926.0,9854.0,9782.0,9710.0,9638.0
ID,Coal,10818.266666666372,10015.496969696833,9212.7272727270611,8409.9575757575221,7607.1878787877504,6804.4181818179786,6001.6484848484397,5198.8787878786679,4396.109090909129,3593.3393939393573
ID,Ethenol,0.0,0.0,0.0,0.0,0.0,0.0,0.0,0.0,0.0,0.0
ID,Geothermal,0.0,0.0,0.0,0.0,0.0,0.0,0.0,0.0,0.0,0.0
ID,Hydropower,71256.000000000466,72105.927272727713,72955.85454545496,73805.781818182208,74655.709090909455,75505.636363636702,76355.56363636395,77205.490909091197,78055.418181818444,78905.345454545692
ID,Natural Gas,45167.066666666418,47389.042424242012,49611.018181817606,51832.9939393932,54054.969696968794,56276.945454545319,58498.921212120913,60720.896969696507,62942.872727272101,65164.848484847695
ID,Nuclear Energy,0.0,0.0,0.0,0.0,0.0,0.0,0.0,0.0,0.0,0.0
ID,Petroleum,111424.33333333395,115468.23030303139,119512.1272727279,123556.02424242534,127599.92121212184,131643.81818181835,135687.71515151579,139731.6121212123,143775.5090909088,147819.40606060624
ID,Solar,0.0,0.0,0.0,0.0,0.0,0.0,0.0,0.0,0.0,0.0
ID,Total Consumption,259237.66666666791,265406.69696969725,271575.72727272846,277744.7575757578,283913.78787878901,290082.81818181835,296251.84848484956,302420.8787878789,308589.90909090824,314758.93939393945
ID,Wood and Waste,10286.0,10214.0,10142.0,10070.0,9998.0,9926.0,9854.0,9782.0,9710.0,9638.0
ID,Wind,0.0,0.0,0.0,0.0,0.0,0.0,0.0,0.0,0.0,0.0
IL,Biomass,39601.666666666744,40628.969696969725,41656.272727272706,42683.575757575687,43710.878787878668,44738.181818181649,45765.48484848463,46792.787878787844,47820.090909090824,48847.393939393805
IL,Coal,1064337.8000000007,1081139.2363636345,1097940.6727272719,1114742.1090909094,1131543.5454545431,1148344.9818181805,1165146.4181818143,1181947.8545454517,1198749.2909090891,1215550.7272727229
IL,Ethenol,0.0,0.0,0.0,0.0,0.0,0.0,0.0,0.0,0.0,0.0
IL,Geothermal,0.0,0.0,0.0,0.0,0.0,0.0,0.0,0.0,0.0,0.0
IL,Hydropower,1706.933333333327,1675.1393939393893,1643.3454545454515,1611.5515151515137,1579.757575757576,1547.9636363636309,1516.1696969696932,1484.3757575757554,1452.5818181818177,1420.7878787878799
IL,Natural Gas,1153129.7333333343,1219059.8121212125,1284989.8909090906,1350919.9696969688,1416850.0484848469,1482780.1272727251,1548710.2060605884,1614640.2848484665,1680570.3636363447,1746500.4424242228
IL,Nuclear Energy,12826.933333333465,13298.339393939474,13769.745454545598,14241.151515151607,14712.557575757732,15183.96363636374,15655.369696969748,16126.775757575873,16598.181818181882,17069.587878788006
IL,Petroleum,1420476.5333333164,1456856.521212101,1493236.5090909004,1529616.496969685,1565996.4848484695,1602376.472727254,1638756.4606060386,1675136.4484848231,1711516.4363636076,1747896.4242424071
IL,Solar,0.0,0.0,0.0,0.0,0.0,0.0,0.0,0.0,0.0,0.0
IL,Total Consumption,3731681.2666667104,3853286.9878788292,3974892.7090909481,4096498.430303067,4218104.1515151858,4339709.8727273047,4461315.5939394236,4582921.3151515424,4704527.0363636613,4826132.7575757802
IL,Wood and Waste,39601.666666666744,40628.969696969725,41656.272727272706,42683.575757575687,43710.878787878668,44738.181818181649,45765.48484848463,46792.787878787844,47820.090909090824,48847.393939393805
IL,Wind,0.0,0.0,0.0,0.0,0.0,0.0,0.0,0.0,0.0,0.0
IN,Biomass,23057.066666666637,23050.969696969667,23044.872727272697,23038.775757575724,23032.678787878755,23026.581818181781,23020.484848484812,23014.387878787842,23008.290909090869,23002.193939393896
IN,Coal,1020385.4000000134,1045718.0545454621,1071050.7090909183,1096383.3636363745,1121716.0181818232,1147048.6727272794,1172381.3272727355,1197713.9818181843,1223046.6363636404,1248379.2909090966
IN,Ethenol,0.0,0.0,0.0,0.0,0.0,0.0,0.0,0.0,0.0,0.0
IN,Geothermal,0.0,0.0,0.0,0.0,0.0,0.0,0.0,0.0,0.0,0.0
IN,Hydropower,5525.6666666665114,6121.2606060605031,6716.8545454544947,7312.4484848484863,7908.042424242245,8503.6363636362366,9099.2303030302282,9694.824242423987,10290.418181817979,10886.01212121197
IN,Natural Gas,534047.40000000596,566432.00000000745,598816.60000000149,631201.20000000298,663585.80000000447,695970.39999999851,728355.0,760739.60000000149,793124.19999999553,825508.79999999702
IN,Nuclear Energy,0.0,0.0,0.0,0.0,0.0,0.0,0.0,0.0,0.0,0.0
IN,Petroleum,713768.5333333388,726923.3212121278,740078.10909091309,753232.89696970209,766387.68484848738,779542.47272727638,792697.26060606539,805852.04848485067,819006.83636363968,832161.62424242496
IN,Solar,0.0,0.0,0.0,0.0,0.0,0.0,0.0,0.0,0.0,0.0
IN,Total Consumption,2319841.1333333552,2391296.5757575929,2462752.0181818306,2534207.4606060684,2605662.9030303359,2677118.3454545736,2748573.7878788114,2820029.2303030491,2891484.6727272868,2962940.1151515245
IN,Wood and Waste,23057.066666666637,23050.969696969667,23044.872727272697,23038.775757575724,23032.678787878755,23026.581818181781,23020.484848484812,23014.387878787842,23008.290909090869,23002.193939393896
IN,Wind,0.0,0.0,0.0,0.0,0.0,0.0,0.0,0.0,0.0,0.0
KS,Biomass,3124.533333333311,3059.3575757575454,2994.1818181817944,2929.0060606060433,2863.8303030302777,2798.6545454545267,2733.4787878787756,2668.30303030301,2603.127272727259,2537.9515151515079
KS,Coal,11263.866666666581,10783.769696969655,10303.672727272729,9823.575757575687,9343.4787878787611,8863.3818181818351,8383.2848484849092,7903.1878787879832,7423.0909090909408,6942.9939393940149
KS,Ethenol,0.0,0.0,0.0,0.0,0.0,0.0,0.0,0.0,0.0,0.0
KS,Geothermal,0.0,0.0,0.0,0.0,0.0,0.0,0.0,0.0,0.0,0.0
KS,Hydropower,67.80000000000291,54.563636363640398,41.327272727277887,28.090909090911737,14.854545454549225,1.6181818181867129,-11.618181818175799,-24.854545454538311,-38.090909090904461,-51.327272727266973
KS,Natural Gas,531748.13333333284,550792.97575757653,569837.81818182021,588882.66060605645,607927.50303030014,626972.34545454383,646017.18787878752,665062.03030303121,684106.87272726744,703151.71515151113
KS,Nuclear Energy,0.0,0.0,0.0,0.0,0.0,0.0,0.0,0.0,0.0,0.0
KS,Petroleum,305897.73333333246,311531.23030303046,317164.7272727266,322798.22424242273,328431.72121212073,334065.21818181686,339698.71515151486,345332.21212121099,350965.70909090713,356599.20606060512
KS,Solar,0.0,0.0,0.0,0.0,0.0,0.0,0.0,0.0,0.0,0.0
KS,Total Consumption,855226.60000000894,879281.25454546511,903335.90909091383,927390.56363637,951445.21818182617,975499.87272728235,999554.52727273107,1023609.1818181872,1047663.8363636434,1071718.4909090921
KS,Wood and Waste,3124.533333333311,3059.3575757575454,2994.1818181817944,2929.0060606060433,2863.8303030302777,2798.6545454545267,2733.4787878787756,2668.30303030301,2603.127272727259,2537.9515151515079
KS,Wind,0.0,0.0,0.0,0.0,0.0,0.0,0.0,0.0,0.0,0.0
KY,Biomass,23015.599999999948,23125.709090909018,23235.818181818118,23345.927272727189,23456.036363636289,23566.14545454536,23676.25454545446,23786.363636363531,23896.47272727263,24006.581818181701
KY,Coal,504687.39999999106,526940.69090908021,549193.98181816936,571447.27272726595,593700.5636363551,615953.85454544425,638207.1454545334,660460.43636362255,682713.72727271169,704967.01818180084
KY,Ethenol,0.0,0.0,0.0,0.0,0.0,0.0,0.0,0.0,0.0,0.0
KY,Geothermal,0.0,0.0,0.0,0.0,0.0,0.0,0.0,0.0,0.0,0.0
KY,Hydropower,30844.800000000047,31292.20000000007,31739.600000000093,32187.0,32634.400000000023,33081.800000000047,33529.199999999953,33976.599999999977,34424.0,34871.399999999907
KY,Natural Gas,219080.33333333209,226288.43030302785,233496.52727272548,240704.62424242124,247912.72121211886,255120.81818181463,262328.91515151225,269537.01212120801,276745.10909090564,283953.2060606014
KY,Nuclear Energy,0.0,0.0,0.0,0.0,0.0,0.0,0.0,0.0,0.0,0.0
KY,Petroleum,346072.60000000522,361986.20000000298,377899.80000000447,393813.40000000224,409727.0,425640.60000000149,441554.19999999925,457467.80000000075,473381.39999999851,489295.0
KY,Solar,0.0,0.0,0.0,0.0,0.0,0.0,0.0,0.0,0.0,0.0
KY,Total Consumption,1146716.3333333135,1192758.9393939078,1238801.545454517,1284844.1515151262,1330886.7575757354,1376929.3636363298,1422971.969696939,1469014.5757575482,1515057.1818181425,1561099.7878787518
KY,Wood and Waste,23015.599999999948,23125.709090909018,23235.818181818118,23345.927272727189,23456.036363636289,23566.14545454536,23676.25454545446,23786.363636363531,23896.47272727263,24006.581818181701
KY,Wind,0.0,0.0,0.0,0.0,0.0,0.0,0.0,0.0,0.0,0.0
LA,Biomass,40395.0,40673.79999999993,40952.599999999977,41231.399999999907,41510.199999999953,41789.0,42067.79999999993,42346.599999999977,42625.399999999907,42904.199999999953
LA,Coal,-0.066666666666691299,-0.15151515151518424,-0.23636363636364877,-0.32121212121214171,-0.40606060606063465,-0.49090909090909918,-0.57575757575759212,-0.66060606060608507,-0.74545454545454959,-0.83030303030304253
LA,Ethenol,0.0,0.0,0.0,0.0,0.0,0.0,0.0,0.0,0.0,0.0
LA,Geothermal,0.0,0.0,0.0,0.0,0.0,0.0,0.0,0.0,0.0,0.0
LA,Hydropower,0.0,0.0,0.0,0.0,0.0,0.0,0.0,0.0,0.0,0.0
LA,Natural Gas,1681684.6666666567,1758078.3151514828,1834471.9636363387,1910865.6121211946,1987259.2606060207,2063652.9090908766,2140046.5575757325,2216440.2060605586,2292833.8545454144,2369227.5030302703
LA,Nuclear Energy,0.0,0.0,0.0,0.0,0.0,0.0,0.0,0.0,0.0,0.0
LA,Petroleum,908878.60000000894,956062.74545454979,1003246.8909091055,1050431.0363636464,1097615.1818181872,1144799.3272727281,1191983.4727272838,1239167.6181818247,1286351.7636363655,1333535.9090909064
LA,Solar,0.0,0.0,0.0,0.0,0.0,0.0,0.0,0.0,0.0,0.0
LA,Total Consumption,2671353.1999999881,2795488.5090908706,2919623.818181783,3043759.1272726953,3167894.4363635778,3292029.7454544902,3416165.0545454025,3540300.3636363149,3664435.6727272272,3788570.9818181098
LA,Wood and Waste,40395.0,40673.79999999993,40952.599999999977,41231.399999999907,41510.199999999953,41789.0,42067.79999999993,42346.599999999977,42625.399999999907,42904.199999999953
LA,Wind,0.0,0.0,0.0,0.0,0.0,0.0,0.0,0.0,0.0,0.0
MA,Biomass,55574.866666667163,56910.933333333582,58247.000000000466,59583.066666666884,60919.133333333768,62255.200000000186,63591.26666666707,64927.333333333489,66263.399999999907,67599.466666666791
MA,Coal,80354.666666667908,75181.169696971774,70007.672727273777,64834.175757577643,59660.678787881508,54487.181818183511,49313.684848487377,44140.187878791243,38966.690909093246,33793.193939397112
MA,Ethenol,0.0,0.0,0.0,0.0,0.0,0.0,0.0,0.0,0.0,0.0
MA,Geothermal,0.0,0.0,0.0,0.0,0.0,0.0,0.0,0.0,0.0,0.0
MA,Hydropower,7857.3999999999651,7776.8181818181474,7696.2363636363298,7615.6545454545121,7535.0727272726945,7454.4909090908768,7373.9090909090592,7293.3272727272415,7212.7454545453948,7132.1636363635771
MA,Natural Gas,147360.66666666605,154129.15151515044,160897.63636363484,167666.12121211924,174434.60606060363,181203.09090908803,187971.57575757429,194740.06060605869,201508.54545454308,208277.03030302748
MA,Nuclear Energy,16595.466666667024,17635.624242424499,18675.781818181975,19715.93939393945,20756.096969697159,21796.254545454634,22836.41212121211,23876.569696969818,24916.727272727294,25956.884848484769
MA,Petroleum,1143713.4666666538,1182412.8787878752,1221112.2909090817,1259811.7030302882,1298511.1151515096,1337210.5272727162,1375909.9393939227,1414609.3515151441,1453308.7636363506,1492008.1757575572
MA,Solar,0.0,0.0,0.0,0.0,0.0,0.0,0.0,0.0,0.0,0.0
MA,Total Consumption,1507031.4000000209,1550957.5090909302,1594883.6181818247,1638809.727272734,1682735.8363636434,1726661.9454545528,1770588.0545454621,1814514.1636363715,1858440.2727272809,1902366.3818181902
MA,Wood and Waste,55574.866666667163,56910.933333333582,58247.000000000466,59583.066666666884,60919.133333333768,62255.200000000186,63591.26666666707,64927.333333333489,66263.399999999907,67599.466666666791
MA,Wind,0.0,0.0,0.0,0.0,0.0,0.0,0.0,0.0,0.0,0.0
MD,Biomass,32215.199999999953,33170.509090909036,34125.818181818118,35081.127272727201,36036.436363636283,36991.745454545366,37947.054545454448,38902.363636363298,39857.67272727238,40812.981818181463
MD,Coal,395288.93333333358,412243.41212121025,429197.89090909064,446152.3696969673,463106.84848484769,480061.32727272436,497015.80606060475,513970.28484848142,530924.76363636181,547879.24242423847
MD,Ethenol,0.0,0.0,0.0,0.0,0.0,0.0,0.0,0.0,0.0,0.0
MD,Geothermal,0.0,0.0,0.0,0.0,0.0,0.0,0.0,0.0,0.0,0.0
MD,Hydropower,16373.79999999993,16853.654545454425,17333.509090909036,17813.363636363531,18293.218181818025,18773.072727272636,19252.927272727131,19732.781818181626,20212.636363636237,20692.490909090731
MD,Natural Gas,144459.20000000112,152171.70909091085,159884.21818181872,167596.72727272846,175309.23636363633,183021.74545454606,190734.25454545394,198446.76363636367,206159.27272727154,213871.78181818128
MD,Nuclear Energy,0.0,0.0,0.0,0.0,0.0,0.0,0.0,0.0,0.0,0.0
MD,Petroleum,468179.93333332986,480620.57575757429,493061.218181815,505501.86060605943,517942.50303030014,530383.14545454085,542823.78787878528,555264.43030302599,567705.0727272667,580145.71515151113
MD,Solar,0.0,0.0,0.0,0.0,0.0,0.0,0.0,0.0,0.0,0.0
MD,Total Consumption,1088732.2666666508,1128230.3696969599,1167728.472727254,1207226.5757575631,1246724.6787878573,1286222.7818181664,1325720.8848484606,1365218.9878787696,1404717.0909090638,1444215.1939393729
MD,Wood and Waste,32215.199999999953,33170.509090909036,34125.818181818118,35081.127272727201,36036.436363636283,36991.745454545366,37947.054545454448,38902.363636363298,39857.67272727238,40812.981818181463
MD,Wind,0.0,0.0,0.0,0.0,0.0,0.0,0.0,0.0,0.0,0.0
ME,Biomass,32966.000000000116,33435.072727272753,33904.145454545505,34373.218181818258,34842.290909090894,35311.363636363647,35780.4363636364,36249.509090909036,36718.581818181789,37187.654545454541
ME,Coal,-48.133333333302289,-2024.7393939392641,-4001.3454545452259,-5977.9515151511878,-7954.5575757571496,-9931.1636363631114,-11907.769696969073,-13884.375757575035,-15860.981818181463,-17837.587878787424
ME,Ethenol,0.0,0.0,0.0,0.0,0.0,0.0,0.0,0.0,0.0,0.0
ME,Geothermal,0.0,0.0,0.0,0.0,0.0,0.0,0.0,0.0,0.0,0.0
ME,Hydropower,25769.999999999942,25540.836363636306,25311.672727272671,25082.509090909036,24853.345454545342,24624.181818181707,24395.018181818072,24165.854545454436,23936.690909090801,23707.527272727166
ME,Natural Gas,1039.666666666657,1169.5151515151374,1299.3636363636178,1429.2121212120983,1559.0606060605787,1688.9090909090592,1818.7575757575396,1948.60606060602,2078.4545454545005,2208.3030303029809
ME,Nuclear Energy,0.0,0.0,0.0,0.0,0.0,0.0,0.0,0.0,0.0,0.0
ME,Petroleum,212953.1333333347,219019.95757575892,225086.78181818314,231153.6060606055,237220.43030302972,243287.25454545394,249354.07878787816,255420.90303030238,261487.7272727266,267554.55151515082
ME,Solar,0.0,0.0,0.0,0.0,0.0,0.0,0.0,0.0,0.0,0.0
ME,Total Consumption,305646.66666666605,310575.71515151486,315504.76363636367,320433.81212121062,325362.86060605943,330291.90909090824,335220.95757575519,340150.00606060401,345079.05454545282,350008.10303030163
ME,Wood and Waste,32966.000000000116,33435.072727272753,33904.145454545505,34373.218181818258,34842.290909090894,35311.363636363647,35780.4363636364,36249.509090909036,36718.581818181789,37187.654545454541
ME,Wind,0.0,0.0,0.0,0.0,0.0,0.0,0.0,0.0,0.0,0.0
MI,Biomass,36763.666666666657,36777.751515151504,36791.83636363635,36805.921212121197,36820.006060606043,36834.090909090897,36848.175757575736,36862.26060606059,36876.345454545437,36890.430303030284
MI,Coal,987078.53333333135,1021693.8121212125,1056309.0909090936,1090924.3696969748,1125539.648484841,1160154.9272727221,1194770.2060606033,1229385.4848484844,1264000.7636363655,1298616.0424242318
MI,Ethenol,0.0,0.0,0.0,0.0,0.0,0.0,0.0,0.0,0.0,0.0
MI,Geothermal,0.0,0.0,0.0,0.0,0.0,0.0,0.0,0.0,0.0,0.0
MI,Hydropower,19303.533333333326,19404.121212121187,19504.709090909077,19605.296969696938,19705.884848484828,19806.472727272689,19907.06060606055,20007.64848484844,20108.236363636301,20208.824242424191
MI,Natural Gas,809403.66666667163,854208.55151514709,899013.43636363745,943818.3212121129,988623.20606060326,1033428.0909090936,1078232.9757575691,1123037.8606060594,1167842.7454545349,1212647.6303030252
MI,Nuclear Energy,6153.7333333333954,6819.9393939394504,7486.1454545455053,8152.3515151515603,8818.5575757576153,9484.7636363636702,10150.969696969725,10817.17575757578,11483.381818181835,12149.58787878789
MI,Petroleum,936115.0,961077.23636363447,986039.47272726893,1011001.7090909034,1035963.9454545379,1060926.1818181798,1085888.4181818143,1110850.6545454487,1135812.8909090832,1160775.1272727177
MI,Solar,0.0,0.0,0.0,0.0,0.0,0.0,0.0,0.0,0.0,0.0
MI,Total Consumption,2831581.8000000417,2936759.1636364162,3041936.5272727609,3147113.8909091353,3252291.25454548,3357468.6181818545,3462645.9818181992,3567823.3454545736,3673000.7090909183,3778178.0727272928
MI,Wood and Waste,36763.666666666657,36777.751515151504,36791.83636363635,36805.921212121197,36820.006060606043,36834.090909090897,36848.175757575736,36862.26060606059,36876.345454545437,36890.430303030284
MI,Wind,0.0,0.0,0.0,0.0,0.0,0.0,0.0,0.0,0.0,0.0
MN,Biomass,22730.733333333279,22544.430303030298,22358.127272727259,22171.82424242422,21985.521212121181,21799.218181818142,21612.915151515161,21426.612121212122,21240.309090909082,21054.006060606043
MN,Coal,183205.06666666642,188828.38787878864,194451.70909090899,200075.03030302934,205698.35151515156,211321.67272727191,216944.99393939227,222568.31515151449,228191.63636363484,233814.95757575519
MN,Ethenol,0.0,0.0,0.0,0.0,0.0,0.0,0.0,0.0,0.0,0.0
MN,Geothermal,0.0,0.0,0.0,0.0,0.0,0.0,0.0,0.0,0.0,0.0
MN,Hydropower,11101.733333333337,11301.666666666686,11501.600000000035,11701.533333333326,11901.466666666674,12101.400000000023,12301.333333333314,12501.266666666663,12701.200000000012,12901.13333333336
MN,Natural Gas,336128.86666666344,351687.82424242049,367246.78181817755,382805.73939393461,398364.69696969166,413923.65454544872,429482.61212120578,445041.56969696283,460600.52727271989,476159.48484847695
MN,Nuclear Energy,1058.666666666657,1148.2606060605904,1237.8545454545238,1327.4484848484863,1417.0424242424197,1506.6363636363531,1596.2303030302864,1685.8242424242198,1775.4181818181823,1865.0121212121157
MN,Petroleum,493365.59999999776,506220.70909090713,519075.81818181649,531930.92727272585,544786.03636363521,557641.14545454457,570496.25454545021,583351.36363635957,596206.47272726893,609061.5818181783
MN,Solar,0.0,0.0,0.0,0.0,0.0,0.0,0.0,0.0,0.0,0.0
MN,Total Consumption,1070321.400000006,1104275.7090909109,1138230.0181818232,1172184.3272727281,1206138.636363633,1240092.9454545453,1274047.2545454502,1308001.5636363551,1341955.8727272674,1375910.1818181798
MN,Wood and Waste,22730.733333333279,22544.430303030298,22358.127272727259,22171.82424242422,21985.521212121181,21799.218181818142,21612.915151515161,21426.612121212122,21240.309090909082,21054.006060606043
MN,Wind,0.0,0.0,0.0,0.0,0.0,0.0,0.0,0.0,0.0,0.0
MO,Biomass,22666.266666666605,21656.515151515137,20646.763636363437,19637.01212121197,18627.260606060503,17617.509090909036,16607.757575757569,15598.006060606102,14588.254545454634,13578.503030303167
MO,Coal,227245.86666666716,234016.35151515156,240786.83636363596,247557.32121212035,254327.80606060475,261098.29090908915,267868.77575757354,274639.26060605794,281409.7454545442,288180.2303030286
MO,Ethenol,0.0,0.0,0.0,0.0,0.0,0.0,0.0,0.0,0.0,0.0
MO,Geothermal,0.0,0.0,0.0,0.0,0.0,0.0,0.0,0.0,0.0,0.0
MO,Hydropower,11042.866666666581,11455.460606060573,11868.054545454448,12280.64848484844,12693.242424242315,13105.83636363619,13518.430303030182,13931.024242424057,14343.618181818048,14756.212121211924
MO,Natural Gas,413013.80000000075,427252.19999999925,441490.59999999776,455728.99999999627,469967.39999999851,484205.79999999702,498444.19999999553,512682.59999999776,526920.99999999627,541159.39999999478
MO,Nuclear Energy,0.0,0.0,0.0,0.0,0.0,0.0,0.0,0.0,0.0,0.0
MO,Petroleum,561559.99999999255,579389.76363635808,597219.52727272362,615049.2909090817,632879.05454544723,650708.81818181276,668538.58181817085,686368.34545453638,704198.10909090191,722027.87272725999
MO,Solar,0.0,0.0,0.0,0.0,0.0,0.0,0.0,0.0,0.0,0.0
MO,Total Consumption,1258195.0666666776,1295426.8060606122,1332658.5454545468,1369890.2848484963,1407122.0242424309,1444353.7636363655,1481585.5030303001,1518817.2424242347,1556048.9818181843,1593280.7212121189
MO,Wood and Waste,22666.266666666605,21656.515151515137,20646.763636363437,19637.01212121197,18627.260606060503,17617.509090909036,16607.757575757569,15598.006060606102,14588.254545454634,13578.503030303167
MO,Wind,0.0,0.0,0.0,0.0,0.0,0.0,0.0,0.0,0.0,0.0
MS,Biomass,31595.999999999534,30172.199999999721,28748.399999999441,27324.599999999627,25900.799999999814,24476.999999999534,23053.199999999721,21629.399999999907,20205.599999999627,18781.799999999814
MS,Coal,8677.4000000003725,9735.8000000002794,10794.200000000419,11852.600000000326,12911.000000000233,13969.40000000014,15027.800000000047,16086.200000000186,17144.600000000093,18203.0
MS,Ethenol,0.0,0.0,0.0,0.0,0.0,0.0,0.0,0.0,0.0,0.0
MS,Geothermal,0.0,0.0,0.0,0.0,0.0,0.0,0.0,0.0,0.0,0.0
MS,Hydropower,0.0,0.0,0.0,0.0,0.0,0.0,0.0,0.0,0.0,0.0
MS,Natural Gas,347768.5333333388,365027.0484848544,382285.56363637,399544.07878788561,416802.59393939376,434061.10909090936,451319.62424242496,468578.13939394057,485836.65454545617,503095.16969697177
MS,Nuclear Energy,0.0,0.0,0.0,0.0,0.0,0.0,0.0,0.0,0.0,0.0
MS,Petroleum,249538.33333333582,261235.21212121472,272932.09090909362,284628.96969697252,296325.84848485142,308022.7272727266,319719.6060606055,331416.4848484844,343113.3636363633,354810.2424242422
MS,Solar,0.0,0.0,0.0,0.0,0.0,0.0,0.0,0.0,0.0,0.0
MS,Total Consumption,669176.26666666567,696342.46060605347,723508.65454544872,750674.84848484397,777841.04242423177,805007.23636362702,832173.43030302227,859339.62424241751,886505.81818180531,913672.01212120056
MS,Wood and Waste,31595.999999999534,30172.199999999721,28748.399999999441,27324.599999999627,25900.799999999814,24476.999999999534,23053.199999999721,21629.399999999907,20205.599999999627,18781.799999999814
MS,Wind,0.0,0.0,0.0,0.0,0.0,0.0,0.0,0.0,0.0,0.0
MT,Biomass,7688.1999999999898,7711.5454545454486,7734.8909090909001,7758.2363636363589,7781.5818181818104,7804.9272727272619,7828.2727272727207,7851.6181818181722,7874.9636363636309,7898.3090909090824
MT,Coal,7983.5999999998603,8358.9090909089427,8734.2181818180252,9109.5272727271076,9484.8363636361901,9860.1454545451561,10235.454545454239,10610.763636363321,10986.072727272403,11361.381818181486
MT,Ethenol,0.0,0.0,0.0,0.0,0.0,0.0,0.0,0.0,0.0,0.0
MT,Geothermal,0.0,0.0,0.0,0.0,0.0,0.0,0.0,0.0,0.0,0.0
MT,Hydropower,101401.73333333433,105540.57575757708,109679.41818181984,113818.26060606167,117957.10303030442,122095.94545454625,126234.78787878901,130373.63030303083,134512.47272727359,138651.31515151542
MT,Natural Gas,73949.26666666707,75221.078787879087,76492.890909091104,77764.703030303121,79036.515151515137,80308.327272727154,81580.139393939637,82851.951515151653,84123.76363636367,85395.575757575687
MT,Nuclear Energy,0.0,0.0,0.0,0.0,0.0,0.0,0.0,0.0,0.0,0.0
MT,Petroleum,124530.46666666633,125667.13333333284,126803.79999999981,127940.46666666633,129077.13333333284,130213.79999999935,131350.46666666633,132487.13333333284,133623.79999999935,134760.46666666586
MT,Solar,0.0,0.0,0.0,0.0,0.0,0.0,0.0,0.0,0.0,0.0
MT,Total Consumption,301617.86666666716,308753.64242424257,315889.41818181798,323025.19393939339,330160.96969696879,337296.7454545442,344432.52121211961,351568.29696969502,358704.07272727042,365839.84848484583
MT,Wood and Waste,7688.1999999999898,7711.5454545454486,7734.8909090909001,7758.2363636363589,7781.5818181818104,7804.9272727272619,7828.2727272727207,7851.6181818181722,7874.9636363636309,7898.3090909090824
MT,Wind,0.0,0.0,0.0,0.0,0.0,0.0,0.0,0.0,0.0,0.0
NC,Biomass,65959.399999999907,65383.199999999953,64807.0,64230.800000000047,63654.600000000093,63078.40000000014,62502.199999999953,61926.0,61349.800000000047,60773.600000000093
NC,Coal,489060.0,517162.81818181276,545265.63636363298,573368.45454545319,601471.27272726595,629574.09090908617,657676.90909089893,685779.72727271914,713882.54545453936,741985.36363635212
NC,Ethenol,0.0,0.0,0.0,0.0,0.0,0.0,0.0,0.0,0.0,0.0
NC,Geothermal,0.0,0.0,0.0,0.0,0.0,0.0,0.0,0.0,0.0,0.0
NC,Hydropower,50561.79999999993,50195.927272727131,49830.054545454448,49464.181818181765,49098.309090908966,48732.436363636283,48366.5636363636,48000.690909090801,47634.818181818118,47268.945454545435
NC,Natural Gas,135013.73333333433,144659.01212121174,154304.29090908915,163949.56969696656,173594.84848484769,183240.12727272511,192885.40606060252,202530.68484848365,212175.96363636106,221821.24242423847
NC,Nuclear Energy,0.0,0.0,0.0,0.0,0.0,0.0,0.0,0.0,0.0,0.0
NC,Petroleum,600924.79999999702,619330.54545453936,637736.29090908915,656142.03636363149,674547.78181817383,692953.52727272362,711359.27272726595,729765.01818180829,748170.76363635808,766576.50909090042
NC,Solar,0.0,0.0,0.0,0.0,0.0,0.0,0.0,0.0,0.0,0.0
NC,Total Consumption,1407479.1333333254,1462114.7030303031,1516750.272727266,1571385.8424242437,1626021.4121212065,1680656.9818181694,1735292.5515151471,1789928.1212121099,1844563.6909090728,1899199.2606060505
NC,Wood and Waste,65959.399999999907,65383.199999999953,64807.0,64230.800000000047,63654.600000000093,63078.40000000014,62502.199999999953,61926.0,61349.800000000047,60773.600000000093
NC,Wind,0.0,0.0,0.0,0.0,0.0,0.0,0.0,0.0,0.0,0.0
ND,Biomass,313.46666666666351,301.62424242423731,289.78181818181474,277.93939393938854,266.09696969696597,254.2545454545434,242.4121212121172,230.56969696969463,218.72727272726843,206.88484848484586
ND,Coal,48168.000000000931,50677.890909091569,53187.781818182208,55697.672727272846,58207.563636364415,60717.454545455053,63227.345454545692,65737.23636363633,68247.127272726968,70757.018181818537
ND,Ethenol,0.0,0.0,0.0,0.0,0.0,0.0,0.0,0.0,0.0,0.0
ND,Geothermal,0.0,0.0,0.0,0.0,0.0,0.0,0.0,0.0,0.0,0.0
ND,Hydropower,32271.133333332837,34374.55757575715,36477.981818181463,38581.40606060531,40684.830303029623,42788.254545453936,44891.678787878249,46995.103030302096,49098.527272726409,51201.951515150722
ND,Natural Gas,34237.866666666465,34699.387878787704,35160.909090908943,35622.430303030182,36083.951515151304,36545.472727272543,37006.993939393782,37468.515151514905,37930.036363636144,38391.557575757382
ND,Nuclear Energy,0.0,0.0,0.0,0.0,0.0,0.0,0.0,0.0,0.0,0.0
ND,Petroleum,123531.19999999925,125971.34545454476,128411.49090909027,130851.63636363577,133291.78181818128,135731.92727272678,138172.07272727229,140612.21818181779,143052.36363636237,145492.50909090787
ND,Solar,0.0,0.0,0.0,0.0,0.0,0.0,0.0,0.0,0.0,0.0
ND,Total Consumption,238835.1333333347,246326.43030303158,253817.72727272846,261309.02424242534,268800.32121212222,276291.6181818191,283782.91515151598,291274.21212121285,298765.50909090973,306256.80606060661
ND,Wood and Waste,313.46666666666351,301.62424242423731,289.78181818181474,277.93939393938854,266.09696969696597,254.2545454545434,242.4121212121172,230.56969696969463,218.72727272726843,206.88484848484586
ND,Wind,0.0,0.0,0.0,0.0,0.0,0.0,0.0,0.0,0.0,0.0
NE,Biomass,1247.7999999999884,1067.7090909090475,887.61818181816489,707.52727272728225,527.43636363634141,347.34545454545878,167.25454545457615,-12.836363636364695,-192.92727272724733,-373.01818181818817
NE,Coal,21785.533333333267,21882.466666666587,21979.399999999907,22076.333333333227,22173.266666666517,22270.199999999837,22367.133333333157,22464.066666666477,22560.999999999796,22657.933333333116
NE,Ethenol,0.0,0.0,0.0,0.0,0.0,0.0,0.0,0.0,0.0,0.0
NE,Geothermal,0.0,0.0,0.0,0.0,0.0,0.0,0.0,0.0,0.0,0.0
NE,Hydropower,13362.200000000186,13728.272727272939,14094.345454545575,14460.418181818328,14826.490909091081,15192.563636363717,15558.636363636469,15924.709090909222,16290.781818181975,16656.854545454611
NE,Natural Gas,216121.66666666605,224476.93333333358,232832.19999999925,241187.46666666679,249542.73333333246,257897.99999999814,266253.26666666567,274608.53333333135,282963.79999999888,291319.06666666456
NE,Nuclear Energy,63.599999999983993,40.545454545441316,17.49090909089864,-5.5636363636513124,-28.618181818193989,-51.672727272743941,-74.727272727286618,-97.781818181829294,-120.83636363637925,-143.89090909092192
NE,Petroleum,178526.80000000075,183231.21818181872,187935.6363636367,192640.05454545468,197344.47272727266,202048.89090909064,206753.30909090862,211457.7272727266,216162.14545454457,220866.56363636255
NE,Solar,0.0,0.0,0.0,0.0,0.0,0.0,0.0,0.0,0.0,0.0
NE,Total Consumption,432355.39999999851,445494.85454545543,458634.30909090862,471773.76363636181,484913.218181815,498052.67272727191,511192.12727272511,524331.5818181783,537471.03636363149,550610.4909090884
NE,Wood and Waste,1247.7999999999884,1067.7090909090475,887.61818181816489,707.52727272728225,527.43636363634141,347.34545454545878,167.25454545457615,-12.836363636364695,-192.92727272724733,-373.01818181818817
NE,Wind,0.0,0.0,0.0,0.0,0.0,0.0,0.0,0.0,0.0,0.0
NH,Biomass,12646.466666666791,12865.460606060689,13084.454545454646,13303.448484848544,13522.442424242501,13741.436363636458,13960.430303030356,14179.424242424313,14398.418181818211,14617.412121212168
NH,Coal,21610.333333333489,23109.866666666698,24609.399999999907,26108.933333333582,27608.466666666791,29108.0,30607.533333333209,32107.066666666418,33606.599999999627,35106.133333332837
NH,Ethenol,0.0,0.0,0.0,0.0,0.0,0.0,0.0,0.0,0.0,0.0
NH,Geothermal,0.0,0.0,0.0,0.0,0.0,0.0,0.0,0.0,0.0,0.0
NH,Hydropower,12762.399999999936,12696.763636363568,12631.127272727201,12565.490909090833,12499.854545454466,12434.218181818098,12368.58181818173,12302.945454545363,12237.309090908995,12171.672727272613
NH,Natural Gas,5348.2000000000698,5596.6545454545994,5845.109090909129,6093.5636363636586,6342.0181818182464,6590.472727272776,6838.9272727273055,7087.3818181818351,7335.8363636363647,7584.2909090908943
NH,Nuclear Energy,0.0,0.0,0.0,0.0,0.0,0.0,0.0,0.0,0.0,0.0
NH,Petroleum,126825.40000000037,131234.52727272734,135643.65454545431,140052.78181818128,144461.90909091011,148871.03636363707,153280.16363636404,157689.29090909101,162098.41818181798,166507.54545454495
NH,Solar,0.0,0.0,0.0,0.0,0.0,0.0,0.0,0.0,0.0,0.0
NH,Total Consumption,191839.26666666567,198368.7333333306,204898.19999999739,211427.66666666418,217957.13333333097,224486.59999999776,231016.06666666456,237545.53333332948,244074.99999999627,250604.46666666307
NH,Wood and Waste,12646.466666666791,12865.460606060689,13084.454545454646,13303.448484848544,13522.442424242501,13741.436363636458,13960.430303030356,14179.424242424313,14398.418181818211,14617.412121212168
NH,Wind,0.0,0.0,0.0,0.0,0.0,0.0,0.0,0.0,0.0,0.0
NJ,Biomass,29644.333333333256,30655.612121212063,31666.890909090638,32678.169696969446,33689.448484848253,34700.727272727061,35712.006060605636,36723.284848484444,37734.563636363251,38745.842424242059
NJ,Coal,192324.06666666758,191654.40606060717,190984.74545454676,190315.08484848635,189645.42424242594,188975.76363636553,188306.10303030512,187636.44242424471,186966.7818181843,186297.12121212389
NJ,Ethenol,0.0,0.0,0.0,0.0,0.0,0.0,0.0,0.0,0.0,0.0
NJ,Geothermal,0.0,0.0,0.0,0.0,0.0,0.0,0.0,0.0,0.0,0.0
NJ,Hydropower,-3770.7333333331626,-4274.0484848483466,-4777.3636363634141,-5280.6787878785981,-5783.9939393937821,-6287.3090909088496,-6790.6242424240336,-7293.9393939391011,-7797.2545454542851,-8300.5696969693527
NJ,Natural Gas,317497.93333332986,335178.72121211886,352859.50909090787,370540.29696969688,388221.08484848589,405901.87272726744,423582.66060605645,441263.44848484546,458944.23636363447,476625.02424241602
NJ,Nuclear Energy,472.79999999998836,537.27272727270611,601.74545454543841,666.21818181815615,730.6909090908739,795.1636363636062,859.63636363632395,924.10909090905625,988.581818181774,1053.0545454544917
NJ,Petroleum,1376637.7333333045,1421909.7030302733,1467181.6727272421,1512453.6424242109,1557725.6121211797,1602997.5818181485,1648269.5515151173,1693541.5212120861,1738813.4909090549,1784085.4606060237
NJ,Solar,0.0,0.0,0.0,0.0,0.0,0.0,0.0,0.0,0.0,0.0
NJ,Total Consumption,1942450.4666666538,2006317.2787878662,2070184.0909090787,2134050.9030302912,2197917.7151515037,2261784.5272727162,2325651.3393939137,2389518.1515151262,2453384.9636363387,2517251.7757575512
NJ,Wood and Waste,29644.333333333256,30655.612121212063,31666.890909090638,32678.169696969446,33689.448484848253,34700.727272727061,35712.006060605636,36723.284848484444,37734.563636363251,38745.842424242059
NJ,Wind,0.0,0.0,0.0,0.0,0.0,0.0,0.0,0.0,0.0,0.0
NM,Biomass,4855.0,4682.109090909129,4509.2181818181998,4336.3272727273288,4163.4363636363996,3990.5454545454704,3817.6545454545994,3644.7636363636702,3471.8727272727992,3298.98181818187
NM,Coal,60163.066666668281,66092.715151516721,72022.36363636516,77952.012121211737,83881.660606060177,89811.309090908617,95740.957575757056,101670.6060606055,107600.25454545394,113529.90303030238
NM,Ethenol,0.0,0.0,0.0,0.0,0.0,0.0,0.0,0.0,0.0,0.0
NM,Geothermal,0.0,0.0,0.0,0.0,0.0,0.0,0.0,0.0,0.0,0.0
NM,Hydropower,454.06666666666933,442.76969696970264,431.4727272727323,420.17575757576196,408.87878787879163,397.58181818182129,386.28484848485459,374.98787878788426,363.69090909091392,352.39393939394358
NM,Natural Gas,288213.53333333321,295981.59393939376,303749.65454545431,311517.71515151486,319285.77575757541,327053.83636363596,334821.89696969464,342589.95757575519,350358.01818181574,358126.07878787629
NM,Nuclear Energy,0.0,0.0,0.0,0.0,0.0,0.0,0.0,0.0,0.0,0.0
NM,Petroleum,147862.86666666716,152085.46060606092,156308.05454545468,160530.64848484844,164753.2424242422,168975.83636363596,173198.43030302972,177421.02424242347,181643.61818181723,185866.21212121099
NM,Solar,0.0,0.0,0.0,0.0,0.0,0.0,0.0,0.0,0.0,0.0
NM,Total Consumption,506403.53333333135,523966.7575757578,541529.98181817681,559093.20606060326,576656.43030302972,594219.65454544872,611782.87878787518,629346.10303029418,646909.32727272063,664472.55151514709
NM,Wood and Waste,4855.0,4682.109090909129,4509.2181818181998,4336.3272727273288,4163.4363636363996,3990.5454545454704,3817.6545454545994,3644.7636363636702,3471.8727272727992,3298.98181818187
NM,Wind,0.0,0.0,0.0,0.0,0.0,0.0,0.0,0.0,0.0,0.0
NV,Biomass,938.59999999999854,941.63636363636215,944.67272727272484,947.70909090908845,950.74545454545205,953.78181818181474,956.81818181817835,959.85454545454195,962.89090909090464,965.92727272726825
NV,Coal,15901.333333333954,17375.484848485794,18849.636363637168,20323.787878788542,21797.939393939916,23272.09090909129,24746.24242424313,26220.393939394504,27694.545454545878,29168.696969697252
NV,Ethenol,0.0,0.0,0.0,0.0,0.0,0.0,0.0,0.0,0.0,0.0
NV,Geothermal,0.0,0.0,0.0,0.0,0.0,0.0,0.0,0.0,0.0,0.0
NV,Hydropower,16991.0,16700.47272727266,16409.945454545435,16119.418181818211,15828.890909090871,15538.363636363647,15247.836363636423,14957.309090909082,14666.781818181858,14376.254545454634
NV,Natural Gas,48468.599999999627,52151.945454545319,55835.290909090079,59518.636363635771,63201.981818181463,66885.327272726223,70568.672727271914,74252.018181816675,77935.363636362366,81618.709090908058
NV,Nuclear Energy,0.0,0.0,0.0,0.0,0.0,0.0,0.0,0.0,0.0,0.0
NV,Petroleum,88444.733333333395,91406.212121211924,94367.690909090452,97329.16969696898,100290.64848484751,103252.12727272697,106213.6060606055,109175.08484848402,112136.56363636255,115098.04242424108
NV,Solar,0.0,0.0,0.0,0.0,0.0,0.0,0.0,0.0,0.0,0.0
NV,Total Consumption,171682.8666666653,179517.38787878677,187351.90909090824,195186.43030302972,203020.95151514933,210855.4727272708,218689.99393939227,226524.51515151374,234359.03636363335,242193.55757575482
NV,Wood and Waste,938.59999999999854,941.63636363636215,944.67272727272484,947.70909090908845,950.74545454545205,953.78181818181474,956.81818181817835,959.85454545454195,962.89090909090464,965.92727272726825
NV,Wind,0.0,0.0,0.0,0.0,0.0,0.0,0.0,0.0,0.0,0.0
NY,Biomass,59830.999999999942,60095.945454545377,60360.890909090813,60625.836363636248,60890.781818181742,61155.727272727177,61420.672727272613,61685.618181818048,61950.563636363484,62215.509090908978
NY,Coal,721756.80000000261,727529.25454545766,733301.70909091085,739074.16363636591,744846.61818182096,750619.07272727415,756391.5272727292,762163.98181818426,767936.43636363745,773708.8909090925
NY,Ethenol,0.0,0.0,0.0,0.0,0.0,0.0,0.0,0.0,0.0,0.0
NY,Geothermal,0.0,0.0,0.0,0.0,0.0,0.0,0.0,0.0,0.0,0.0
NY,Hydropower,282644.5333333388,294856.30303030834,307068.07272727787,319279.84242424369,331491.61212121323,343703.38181818277,355915.15151515231,368126.92121212184,380338.69090909138,392550.46060606092
NY,Natural Gas,716861.86666665971,745695.76969696581,774529.67272726446,803363.57575757056,832197.47878786922,861031.38181817532,889865.28484847397,918699.18787878007,947533.09090907872,976366.99393938482
NY,Nuclear Energy,16468.800000000279,18197.109090909362,19925.418181818444,21653.727272727527,23382.036363636609,25110.345454545692,26838.654545454774,28566.963636363856,30295.272727272939,32023.581818182021
NY,Petroleum,2589138.6000000536,2681237.2545455098,2773335.909090966,2865434.5636363924,2957533.2181818485,3049631.8727273047,3141730.5272727609,3233829.181818217,3325927.8363636732,3418026.4909091294
NY,Solar,0.0,0.0,0.0,0.0,0.0,0.0,0.0,0.0,0.0,0.0
NY,Total Consumption,4446532.6000000238,4587707.5818181634,4728882.5636363626,4870057.5454545617,5011232.5272727013,5152407.5090909004,5293582.49090904,5434757.4727272391,5575932.4545454383,5717107.4363635778
NY,Wood and Waste,59830.999999999942,60095.945454545377,60360.890909090813,60625.836363636248,60890.781818181742,61155.727272727177,61420.672727272613,61685.618181818048,61950.563636363484,62215.509090908978
NY,Wind,0.0,0.0,0.0,0.0,0.0,0.0,0.0,0.0,0.0,0.0
OH,Biomass,44091.733333333163,44961.066666666651,45830.399999999907,46699.733333333163,47569.066666666418,48438.399999999907,49307.733333333163,50177.066666666418,51046.399999999674,51915.733333333163
OH,Coal,1545198.3333333284,1583247.0121212155,1621295.6909090877,1659344.3696969599,1697393.0484848469,1735441.7272727191,1773490.4060606062,1811539.0848484784,1849587.7636363506,1887636.4424242377
OH,Ethenol,0.0,0.0,0.0,0.0,0.0,0.0,0.0,0.0,0.0,0.0
OH,Geothermal,0.0,0.0,0.0,0.0,0.0,0.0,0.0,0.0,0.0,0.0
OH,Hydropower,50.799999999995634,36.5272727272677,22.254545454543404,7.9818181818154699,-6.2909090909124643,-20.563636363636761,-34.836363636364695,-49.109090909092629,-63.381818181820563,-77.654545454544859
OH,Natural Gas,1106757.8666666597,1146223.824242413,1185689.7818181664,1225155.7393939197,1264621.696969673,1304087.6545454413,1343553.6121211946,1383019.5696969479,1422485.5272727013,1461951.4848484546
OH,Nuclear Energy,51.200000000000955,51.800000000001091,52.400000000001228,53.000000000001592,53.600000000001728,54.200000000001864,54.800000000002001,55.400000000002137,56.000000000002274,56.600000000002638
OH,Petroleum,1067594.9999999925,1099124.7999999896,1130654.5999999866,1162184.3999999911,1193714.1999999881,1225243.9999999851,1256773.7999999896,1288303.5999999866,1319833.3999999836,1351363.1999999806
OH,Solar,0.0,0.0,0.0,0.0,0.0,0.0,0.0,0.0,0.0,0.0
OH,Total Consumption,3807836.6666666567,3918606.0969696939,4029375.5272727311,4140144.9575757384,4250914.3878787756,4361683.8181818128,4472453.2484848201,4583222.6787878573,4693992.1090908945,4804761.5393939018
OH,Wood and Waste,44091.733333333163,44961.066666666651,45830.399999999907,46699.733333333163,47569.066666666418,48438.399999999907,49307.733333333163,50177.066666666418,51046.399999999674,51915.733333333163
OH,Wind,0.0,0.0,0.0,0.0,0.0,0.0,0.0,0.0,0.0,0.0
OK,Biomass,6485.6666666666279,6163.0606060605496,5840.4545454544714,5517.8484848485095,5195.2424242424313,4872.6363636363531,4550.0303030302748,4227.424242424313,3904.8181818182347,3582.2121212121565
OK,Coal,34.46666666661622,-134.50303030305076,-303.47272727277596,-472.44242424244294,-641.41212121216813,-810.38181818183511,-979.3515151515021,-1148.3212121212273,-1317.2909090908943,-1486.2606060606195
OK,Ethenol,0.0,0.0,0.0,0.0,0.0,0.0,0.0,0.0,0.0,0.0
OK,Geothermal,0.0,0.0,0.0,0.0,0.0,0.0,0.0,0.0,0.0,0.0
OK,Hydropower,14165.933333333116,15136.64848484844,16107.363636363531,17078.078787878621,18048.793939393712,19019.509090908803,19990.224242423894,20960.939393938985,21931.654545454076,22902.369696969166
OK,Natural Gas,570480.06666667014,591990.69696970284,613501.32727272809,635011.95757576078,656522.58787878603,678033.21818181872,699543.84848485142,721054.47878787667,742565.10909090936,764075.73939393461
OK,Nuclear Energy,0.0,0.0,0.0,0.0,0.0,0.0,0.0,0.0,0.0,0.0
OK,Petroleum,350400.60000000149,360379.25454545394,370357.90909091011,380336.56363636255,390315.21818181872,400293.87272727117,410272.52727272734,420251.18181817979,430229.83636363596,440208.4909090884
OK,Solar,0.0,0.0,0.0,0.0,0.0,0.0,0.0,0.0,0.0,0.0
OK,Total Consumption,948052.40000000596,979698.21818181872,1011344.0363636389,1042989.8545454517,1074635.6727272719,1106281.4909090921,1137927.3090909049,1169573.1272727251,1201218.9454545379,1232864.7636363581
OK,Wood and Waste,6485.6666666666279,6163.0606060605496,5840.4545454544714,5517.8484848485095,5195.2424242424313,4872.6363636363531,4550.0303030302748,4227.424242424313,3904.8181818182347,3582.2121212121565
OK,Wind,0.0,0.0,0.0,0.0,0.0,0.0,0.0,0.0,0.0,0.0
OR,Biomass,59177.800000000047,59474.199999999953,59770.599999999977,60067.0,60363.400000000023,60659.79999999993,60956.199999999953,61252.599999999977,61549.0,61845.399999999907
OR,Coal,3236.0,2592.781818181742,1949.563636363484,1306.3454545454588,663.12727272720076,19.909090909175575,-623.30909090908244,-1266.5272727273405,-1909.7454545453656,-2552.9636363636237
OR,Ethenol,0.0,0.0,0.0,0.0,0.0,0.0,0.0,0.0,0.0,0.0
OR,Geothermal,0.0,0.0,0.0,0.0,0.0,0.0,0.0,0.0,0.0,0.0
OR,Hydropower,251499.40000000224,265504.10909090936,279508.81818182021,293513.52727272734,307518.23636363819,321522.94545454532,335527.65454545245,349532.3636363633,363537.07272727042,377541.78181817755
OR,Natural Gas,96666.666666666046,103510.29696969502,110353.92727272585,117197.55757575668,124041.18787878565,130884.81818181649,137728.44848484546,144572.07878787629,151415.70909090713,158259.3393939361
OR,Nuclear Energy,0.0,0.0,0.0,0.0,0.0,0.0,0.0,0.0,0.0,0.0
OR,Petroleum,296421.60000000149,304993.65454545617,313565.70909091085,322137.76363636553,330709.81818182021,339281.87272727489,347853.92727272585,356425.98181818053,364998.03636363521,373570.09090908989
OR,Solar,0.0,0.0,0.0,0.0,0.0,0.0,0.0,0.0,0.0,0.0
OR,Total Consumption,766179.26666665822,795549.24242423475,824919.21818181127,854289.1939393878,883659.16969695687,913029.1454545334,942399.12121210992,971769.09696968645,1001139.0727272555,1030509.048484832
OR,Wood and Waste,59177.800000000047,59474.199999999953,59770.599999999977,60067.0,60363.400000000023,60659.79999999993,60956.199999999953,61252.599999999977,61549.0,61845.399999999907
OR,Wind,0.0,0.0,0.0,0.0,0.0,0.0,0.0,0.0,0.0,0.0
PA,Biomass,51449.733333333395,52092.630303030368,52735.52727272734,53378.424242424313,54021.321212121285,54664.218181818025,55307.115151514998,55950.01212121197,56592.909090908943,57235.806060605915
PA,Coal,1781071.2666666731,1809787.9696969762,1838504.6727272794,1867221.375757575,1895938.0787878782,1924654.7818181813,1953371.4848484844,1982088.1878787875,2010804.8909090906,2039521.5939393938
PA,Ethenol,0.0,0.0,0.0,0.0,0.0,0.0,0.0,0.0,0.0,0.0
PA,Geothermal,0.0,0.0,0.0,0.0,0.0,0.0,0.0,0.0,0.0,0.0
PA,Hydropower,11889.066666666651,11339.569696969585,10790.072727272753,10240.575757575687,9691.0787878788542,9141.5818181817885,8592.0848484849557,8042.5878787878901,7493.0909090910573,6943.5939393939916
PA,Natural Gas,801620.13333334029,829390.64848485589,857161.16363637149,884931.6787878871,912702.1939394027,940472.7090909183,968243.22424242646,996013.73939394206,1023784.2545454577,1051554.7696969733
PA,Nuclear Energy,5929.6666666666279,6260.6606060606427,6591.6545454545412,6922.6484848484397,7253.6424242423382,7584.6363636363531,7915.6303030302515,8246.62424242415,8577.6181818181649,8908.6121212120634
PA,Petroleum,1443076.2666666657,1479898.4060606062,1516720.5454545468,1553542.6848484725,1590364.824242413,1627186.9636363536,1664009.1030302942,1700831.2424242347,1737653.3818181753,1774475.521212101
PA,Solar,0.0,0.0,0.0,0.0,0.0,0.0,0.0,0.0,0.0,0.0
PA,Total Consumption,4146485.8666666448,4240862.5151514709,4335239.1636363268,4429615.8121211827,4523992.4606060088,4618369.1090908647,4712745.7575757205,4807122.4060605466,4901499.0545454025,4995875.7030302584
PA,Wood and Waste,51449.733333333395,52092.630303030368,52735.52727272734,53378.424242424313,54021.321212121285,54664.218181818025,55307.115151514998,55950.01212121197,56592.909090908943,57235.806060605915
PA,Wind,0.0,0.0,0.0,0.0,0.0,0.0,0.0,0.0,0.0,0.0
RI,Biomass,4541.3333333333721,4720.9575757576386,4900.5818181818468,5080.2060606061132,5259.8303030303214,5439.4545454545878,5619.078787878796,5798.7030303030624,5978.3272727272706,6157.951515151537
RI,Coal,957.13333333283663,-746.642424242571,-2450.4181818184443,-4154.1939393938519,-5857.9696969697252,-7561.7454545455985,-9265.5212121210061,-10969.296969696879,-12673.072727272753,-14376.84848484816
RI,Ethenol,0.0,0.0,0.0,0.0,0.0,0.0,0.0,0.0,0.0,0.0
RI,Geothermal,0.0,0.0,0.0,0.0,0.0,0.0,0.0,0.0,0.0,0.0
RI,Hydropower,22.133333333331393,17.139393939392903,12.145454545452594,7.1515151515141042,2.1575757575737953,-2.8363636363646947,-7.8303030303050036,-12.824242424243494,-17.818181818181984,-22.812121212122292
RI,Natural Gas,23384.933333333582,24545.93939393945,25706.945454545319,26867.951515151653,28028.957575757522,29189.963636363391,30350.969696969725,31511.975757575594,32672.981818181463,33833.987878787797
RI,Nuclear Energy,0.0,0.0,0.0,0.0,0.0,0.0,0.0,0.0,0.0,0.0
RI,Petroleum,146615.8666666667,147437.84242424252,148259.81818181812,149081.79393939371,149903.76969696954,150725.74545454513,151547.72121212073,152369.69696969655,153191.67272727215,154013.64848484797
RI,Solar,0.0,0.0,0.0,0.0,0.0,0.0,0.0,0.0,0.0,0.0
RI,Total Consumption,180062.7333333334,180696.19393939385,181329.65454545431,181963.115151515,182596.57575757545,183230.03636363591,183863.4969696966,184496.95757575706,185130.41818181751,185763.8787878782
RI,Wood and Waste,4541.3333333333721,4720.9575757576386,4900.5818181818468,5080.2060606061132,5259.8303030303214,5439.4545454545878,5619.078787878796,5798.7030303030624,5978.3272727272706,6157.951515151537
RI,Wind,0.0,0.0,0.0,0.0,0.0,0.0,0.0,0.0,0.0,0.0
SC,Biomass,39793.86666666664,39544.751515151525,39295.636363636353,39046.521212121239,38797.406060606067,38548.290909090952,38299.17575757578,38050.060606060608,37800.945454545494,37551.830303030321
SC,Coal,139655.00000000093,143591.70909090992,147528.41818181891,151465.1272727279,155401.83636363689,159338.54545454588,163275.25454545487,167211.96363636386,171148.67272727285,175085.38181818184
SC,Ethenol,0.0,0.0,0.0,0.0,0.0,0.0,0.0,0.0,0.0,0.0
SC,Geothermal,0.0,0.0,0.0,0.0,0.0,0.0,0.0,0.0,0.0,0.0
SC,Hydropower,28508.199999999953,27667.709090909222,26827.218181818258,25986.727272727294,25146.23636363633,24305.745454545598,23465.254545454634,22624.76363636367,21784.272727272706,20943.781818181975
SC,Natural Gas,142593.66666666418,151587.33333333209,160581.0,169574.66666666418,178568.33333333209,187561.99999999627,196555.66666666418,205549.33333333209,214542.99999999627,223536.66666666418
SC,Nuclear Energy,344.00000000001455,364.83636363637925,385.67272727274394,406.50909090910864,427.34545454547333,448.18181818183803,469.01818181820272,489.85454545456741,510.69090909093211,531.52727272728953
SC,Petroleum,270423.46666666679,275610.53333333321,280797.59999999963,285984.66666666605,291171.73333333246,296358.79999999888,301545.8666666653,306732.93333333172,311919.99999999814,317107.06666666456
SC,Solar,0.0,0.0,0.0,0.0,0.0,0.0,0.0,0.0,0.0,0.0
SC,Total Consumption,661112.06666666642,677911.62424242496,694711.18181818351,711510.73939393833,728310.29696969688,745109.8545454517,761909.41212121025,778708.96969696879,795508.52727272362,812308.08484848216
SC,Wood and Waste,39793.86666666664,39544.751515151525,39295.636363636353,39046.521212121239,38797.406060606067,38548.290909090952,38299.17575757578,38050.060606060608,37800.945454545494,37551.830303030321
SC,Wind,0.0,0.0,0.0,0.0,0.0,0.0,0.0,0.0,0.0,0.0
SD,Biomass,979.86666666665406,930.3515151515021,880.83636363635014,831.32121212119819,781.80606060604623,732.29090909089427,682.77575757574232,633.26060606059036,583.74545454543841,534.230303030301
SD,Coal,4965.8666666666977,4802.7515151515254,4639.6363636363531,4476.5212121212389,4313.4060606060666,4150.2909090909525,3987.1757575757802,3824.060606060666,3660.9454545454937,3497.8303030303214
SD,Ethenol,0.0,0.0,0.0,0.0,0.0,0.0,0.0,0.0,0.0,0.0
SD,Geothermal,0.0,0.0,0.0,0.0,0.0,0.0,0.0,0.0,0.0,0.0
SD,Hydropower,72303.466666666791,78708.551515150815,85113.636363636702,91518.721212120727,97923.806060604751,104328.89090909064,110733.97575757466,117139.06060605869,123544.14545454457,129949.2303030286
SD,Natural Gas,31214.466666666558,31816.369696969632,32418.272727272706,33020.17575757578,33622.078787878621,34223.981818181695,34825.884848484769,35427.787878787611,36029.690909090685,36631.593939393759
SD,Nuclear Energy,216.33333333333576,240.30303030303185,264.27272727272793,288.24242424242402,312.21212121212011,336.1818181818162,360.15151515151229,384.12121212120837,408.09090909090446,432.06060606060055
SD,Petroleum,98551.0,99651.963636363856,100752.92727272725,101853.8909090911,102954.85454545449,104055.81818181789,105156.78181818174,106257.74545454513,107358.70909090899,108459.67272727238
SD,Solar,0.0,0.0,0.0,0.0,0.0,0.0,0.0,0.0,0.0,0.0
SD,Total Consumption,209210.86666666716,217080.64242424257,224950.41818181798,232820.19393939339,240689.96969696879,248559.7454545442,256429.52121211961,264299.29696969502,272169.07272727042,280038.84848484583
SD,Wood and Waste,979.86666666665406,930.3515151515021,880.83636363635014,831.32121212119819,781.80606060604623,732.29090909089427,682.77575757574232,633.26060606059036,583.74545454543841,534.230303030301
SD,Wind,0.0,0.0,0.0,0.0,0.0,0.0,0.0,0.0,0.0,0.0
TN,Biomass,52624.933333333349,53597.303030302981,54569.672727272613,55542.042424242245,56514.412121211877,57486.781818181509,58459.151515151374,59431.521212121006,60403.890909090638,61376.26060606027
TN,Coal,410026.86666666903,416783.04242424481,423539.21818182059,430295.3939393945,437051.56969697028,443807.74545454606,450563.92121212184,457320.09696969762,464076.2727272734,470832.44848484918
TN,Ethenol,0.0,0.0,0.0,0.0,0.0,0.0,0.0,0.0,0.0,0.0
TN,Geothermal,0.0,0.0,0.0,0.0,0.0,0.0,0.0,0.0,0.0,0.0
TN,Hydropower,81354.466666666791,79888.460606060922,78422.454545455053,76956.448484848719,75490.44242424285,74024.436363636982,72558.430303030647,71092.424242424779,69626.41818181891,68160.412121212576
TN,Natural Gas,272750.26666666567,285003.16969696805,297256.07272727042,309508.97575757653,321761.8787878789,334014.78181818128,346267.68484848365,358520.58787878603,370773.4909090884,383026.39393939078
TN,Nuclear Energy,0.0,0.0,0.0,0.0,0.0,0.0,0.0,0.0,0.0,0.0
TN,Petroleum,390559.4666666612,407918.62424241751,425277.78181817383,442636.93939393014,459996.09696968645,477355.25454544276,494714.41212120652,512073.56969696283,529432.72727271914,546791.88484847546
TN,Solar,0.0,0.0,0.0,0.0,0.0,0.0,0.0,0.0,0.0,0.0
TN,Total Consumption,1259940.9333333224,1296787.9030302912,1333634.87272726,1370481.8424242288,1407328.8121211976,1444175.7818181664,1481022.7515151352,1517869.721212104,1554716.6909090728,1591563.6606060416
TN,Wood and Waste,52624.933333333349,53597.303030302981,54569.672727272613,55542.042424242245,56514.412121211877,57486.781818181509,58459.151515151374,59431.521212121006,60403.890909090638,61376.26060606027
TN,Wind,0.0,0.0,0.0,0.0,0.0,0.0,0.0,0.0,0.0,0.0
TX,Biomass,49916.466666666325,51312.187878787518,52707.90909090871,54103.630303029902,55499.351515151095,56895.072727272287,58290.793939393479,59686.515151514672,61082.236363635398,62477.957575756591
TX,Coal,27075.733333333395,27637.684848485049,28199.636363636469,28761.58787878789,29323.539393939544,29885.490909090964,30447.442424242385,31009.393939394038,31571.345454545459,32133.296969696879
TX,Ethenol,0.0,0.0,0.0,0.0,0.0,0.0,0.0,0.0,0.0,0.0
TX,Geothermal,0.0,0.0,0.0,0.0,0.0,0.0,0.0,0.0,0.0,0.0
TX,Hydropower,9824.1333333332732,9932.4666666665871,10040.79999999993,10149.133333333244,10257.466666666558,10365.799999999901,10474.133333333215,10582.466666666529,10690.799999999872,10799.133333333186
TX,Natural Gas,4028878.2000000477,4165440.6181818247,4302003.0363636613,4438565.4545454383,4575127.8727272749,4711690.2909091115,4848252.7090908885,4984815.1272727251,5121377.5454545617,5257939.9636363387
TX,Nuclear Energy,0.0,0.0,0.0,0.0,0.0,0.0,0.0,0.0,0.0,0.0
TX,Petroleum,2572392.2666667104,2680234.206060648,2788076.1454545856,2895918.0848485231,3003760.0242424607,3111601.9636363983,3219443.9030303061,3327285.8424242437,3435127.7818181813,3542969.7212121189
TX,Solar,0.0,0.0,0.0,0.0,0.0,0.0,0.0,0.0,0.0,0.0
TX,Total Consumption,6738003.2666666508,6985869.3515151143,7233735.4363636374,7481601.521212101,7729467.6060605645,7977333.6909090281,8225199.7757574916,8473065.8606060147,8720931.9454544783,8968798.0303029418
TX,Wood and Waste,49916.466666666325,51312.187878787518,52707.90909090871,54103.630303029902,55499.351515151095,56895.072727272287,58290.793939393479,59686.515151514672,61082.236363635398,62477.957575756591
TX,Wind,0.0,0.0,0.0,0.0,0.0,0.0,0.0,0.0,0.0,0.0
UT,Biomass,2128.8666666666622,2134.024242424236,2139.1818181818116,2144.3393939393854,2149.4969696969611,2154.6545454545367,2159.8121212121105,2164.9696969696861,2170.1272727272617,2175.2848484848355
UT,Coal,72449.066666666302,71962.042424242012,71475.018181817839,70987.993939393549,70500.96969696926,70013.945454545086,69526.921212120797,69039.896969696507,68552.872727272217,68065.848484848044
UT,Ethenol,0.0,0.0,0.0,0.0,0.0,0.0,0.0,0.0,0.0,0.0
UT,Geothermal,0.0,0.0,0.0,0.0,0.0,0.0,0.0,0.0,0.0,0.0
UT,Hydropower,13376.266666666605,14484.496969697066,15592.727272727527,16700.957575757522,17809.187878787983,18917.418181817979,20025.64848484844,21133.878787878901,22242.109090908896,23350.339393939357
UT,Natural Gas,112269.60000000056,115732.36363636423,119195.1272727279,122657.89090909157,126120.65454545524,129583.41818181798,133046.18181818165,136508.94545454532,139971.70909090899,143434.47272727266
UT,Nuclear Energy,0.0,0.0,0.0,0.0,0.0,0.0,0.0,0.0,0.0,0.0
UT,Petroleum,169681.93333333544,174285.50303030573,178889.07272727415,183492.64242424443,188096.21212121472,192699.78181818314,197303.35151515342,201906.92121212184,206510.49090909213,211114.06060606241
UT,Solar,0.0,0.0,0.0,0.0,0.0,0.0,0.0,0.0,0.0,0.0
UT,Total Consumption,372034.59999999776,380732.45454545319,389430.30909090862,398128.16363636032,406826.01818181574,415523.87272727117,424221.72727272287,432919.5818181783,441617.43636363372,450315.29090908542
UT,Wood and Waste,2128.8666666666622,2134.024242424236,2139.1818181818116,2144.3393939393854,2149.4969696969611,2154.6545454545367,2159.8121212121105,2164.9696969696861,2170.1272727272617,2175.2848484848355
UT,Wind,0.0,0.0,0.0,0.0,0.0,0.0,0.0,0.0,0.0,0.0
VA,Biomass,55584.199999999953,55688.163636363606,55792.12727272723,55896.090909090854,56000.054545454477,56104.018181818101,56207.981818181754,56311.945454545377,56415.909090909001,56519.872727272625
VA,Coal,381502.13333333563,385853.48484848719,390204.83636363875,394556.18787879031,398907.53939394187,403258.89090909343,407610.24242424499,411961.59393939655,416312.94545454811,420664.29696969967
VA,Ethenol,0.0,0.0,0.0,0.0,0.0,0.0,0.0,0.0,0.0,0.0
VA,Geothermal,0.0,0.0,0.0,0.0,0.0,0.0,0.0,0.0,0.0,0.0
VA,Hydropower,6034.2000000001863,5333.9818181819282,4633.7636363639031,3933.545454545645,3233.3272727276199,2533.1090909093618,1832.8909090911038,1132.6727272730786,432.45454545482062,-267.76363636320457
VA,Natural Gas,142415.93333333544,150104.92121212184,157793.90909091011,165482.89696969837,173171.88484848477,180860.87272727303,188549.86060606129,196238.84848484956,203927.83636363596,211616.82424242422
VA,Nuclear Energy,0.0,0.0,0.0,0.0,0.0,0.0,0.0,0.0,0.0,0.0
VA,Petroleum,639586.73333332688,662941.68484847993,686296.63636362553,709651.58787877858,733006.53939393163,756361.49090908468,779716.44242423028,803071.39393938333,826426.34545453638,849781.29696968198
VA,Solar,0.0,0.0,0.0,0.0,0.0,0.0,0.0,0.0,0.0,0.0
VA,Total Consumption,1280707.400000006,1315610.400000006,1350513.400000006,1385416.400000006,1420319.400000006,1455222.3999999911,1490125.3999999911,1525028.3999999911,1559931.3999999911,1594834.3999999911
VA,Wood and Waste,55584.199999999953,55688.163636363606,55792.12727272723,55896.090909090854,56000.054545454477,56104.018181818101,56207.981818181754,56311.945454545377,56415.909090909001,56519.872727272625
VA,Wind,0.0,0.0,0.0,0.0,0.0,0.0,0.0,0.0,0.0,0.0
VT,Biomass,6431.4000000000233,6335.1636363636644,6238.9272727273055,6142.6909090909467,6046.4545454545878,5950.2181818182289,5853.98181818187,5757.7454545455112,5661.5090909091523,5565.2727272727934
VT,Coal,1565.733333333279,1351.5757575757452,1137.4181818181532,923.26060606056126,709.10303030302748,494.9454545454355,280.78787878784351,66.630303030309733,-147.52727272728225,-361.68484848487424
VT,Ethenol,0.0,0.0,0.0,0.0,0.0,0.0,0.0,0.0,0.0,0.0
VT,Geothermal,0.0,0.0,0.0,0.0,0.0,0.0,0.0,0.0,0.0,0.0
VT,Hydropower,8453.9333333333198,8489.3393939393718,8524.7454545454239,8560.1515151514905,8595.5575757575425,8630.9636363635946,8666.3696969696612,8701.7757575757132,8737.1818181817653,8772.5878787878319
VT,Natural Gas,2062.0000000001164,2321.5454545455286,2581.090909090999,2840.6363636364113,3100.1818181818817,3359.7272727273521,3619.2727272727643,3878.8181818182347,4138.3636363636469,4397.9090909091174
VT,Nuclear Energy,0.0,0.0,0.0,0.0,0.0,0.0,0.0,0.0,0.0,0.0
VT,Petroleum,71917.066666666418,74515.842424242757,77114.618181818165,79713.393939393573,82312.16969696898,84910.945454545319,87509.721212120727,90108.496969696134,92707.272727272473,95306.048484847881
VT,Solar,0.0,0.0,0.0,0.0,0.0,0.0,0.0,0.0,0.0,0.0
VT,Total Consumption,96861.533333333209,99348.630303029902,101835.7272727266,104322.82424242329,106809.92121212091,109297.01818181761,111784.1151515143,114271.21212121099,116758.30909090769,119245.40606060531
VT,Wood and Waste,6431.4000000000233,6335.1636363636644,6238.9272727273055,6142.6909090909467,6046.4545454545878,5950.2181818182289,5853.98181818187,5757.7454545455112,5661.5090909091523,5565.2727272727934
VT,Wind,0.0,0.0,0.0,0.0,0.0,0.0,0.0,0.0,0.0,0.0
WA,Biomass,69520.533333333209,70623.593939393759,71726.654545454308,72829.715151514858,73932.775757575408,75035.836363635957,76138.896969696507,77241.957575757056,78345.018181817606,79448.078787878156
WA,Coal,5804.5999999996275,4729.290909090545,3653.9818181814626,2578.6727272723801,1503.3636363632977,428.05454545468092,-647.25454545440152,-1722.563636363484,-2797.8727272725664,-3873.1818181816489
WA,Ethenol,0.0,0.0,0.0,0.0,0.0,0.0,0.0,0.0,0.0,0.0
WA,Geothermal,0.0,0.0,0.0,0.0,0.0,0.0,0.0,0.0,0.0,0.0
WA,Hydropower,725806.66666667163,763525.47878788412,801244.2909090817,838963.10303029418,876681.91515150666,914400.72727271914,952119.53939393163,989838.35151514411,1027557.1636363566,1065275.9757575691
WA,Natural Gas,166101.80000000447,176129.49090909213,186157.18181818351,196184.87272727489,206212.56363636628,216240.25454545766,226267.94545454532,236295.6363636367,246323.32727272809,256351.01818181947
WA,Nuclear Energy,39396.266666665673,44389.22424242273,49382.181818179786,54375.139393936843,59368.096969693899,64361.054545452818,69354.012121209875,74346.969696966931,79339.927272723988,84332.884848481044
WA,Petroleum,514360.33333333582,532108.33939394355,549856.34545454383,567604.35151515156,585352.35757575929,603100.36363636702,620848.3696969673,638596.37575757504,656344.38181818277,674092.38787878305
WA,Solar,0.0,0.0,0.0,0.0,0.0,0.0,0.0,0.0,0.0,0.0
WA,Total Consumption,1590510.7333333492,1662129.0121212006,1733747.2909090817,1805365.5696969628,1876983.848484844,1948602.1272727251,2020220.4060606062,2091838.6848484874,2163456.9636363387,2235075.2424242198
WA,Wood and Waste,69520.533333333209,70623.593939393759,71726.654545454308,72829.715151514858,73932.775757575408,75035.836363635957,76138.896969696507,77241.957575757056,78345.018181817606,79448.078787878156
WA,Wind,0.0,0.0,0.0,0.0,0.0,0.0,0.0,0.0,0.0,0.0
WI,Biomass,40360.0,40520.509090909094,40681.018181818188,40841.527272727282,41002.036363636376,41162.54545454547,41323.054545454506,41483.5636363636,41644.072727272694,41804.581818181789
WI,Coal,384606.13333333656,392990.53939394094,401374.94545454718,409759.35151515342,418143.75757575966,426528.16363636591,434912.56969697028,443296.97575757653,451681.38181818277,460065.78787878901
WI,Ethenol,0.0,0.0,0.0,0.0,0.0,0.0,0.0,0.0,0.0,0.0
WI,Geothermal,0.0,0.0,0.0,0.0,0.0,0.0,0.0,0.0,0.0,0.0
WI,Hydropower,21851.800000000047,21919.000000000058,21986.200000000041,22053.400000000052,22120.600000000064,22187.800000000076,22255.000000000058,22322.20000000007,22389.400000000081,22456.600000000064
WI,Natural Gas,331012.59999999404,355327.21818181127,379641.83636362851,403956.45454544574,428271.07272726297,452585.69090908021,476900.30909089744,501214.92727271467,525529.54545453191,549844.16363634914
WI,Nuclear Energy,0.0,0.0,0.0,0.0,0.0,0.0,0.0,0.0,0.0,0.0
WI,Petroleum,487996.33333333209,498933.01212121174,509869.69090909138,520806.3696969673,531743.04848484695,542679.7272727266,553616.40606060252,564553.08484848216,575489.76363636181,586426.44242423773
WI,Solar,0.0,0.0,0.0,0.0,0.0,0.0,0.0,0.0,0.0,0.0
WI,Total Consumption,1306186.8666666746,1350210.7878787965,1394234.7090909183,1438258.6303030401,1482282.551515162,1526306.4727272838,1570330.3939393908,1614354.3151515126,1658378.2363636345,1702402.1575757563
WI,Wood and Waste,40360.0,40520.509090909094,40681.018181818188,40841.527272727282,41002.036363636376,41162.54545454547,41323.054545454506,41483.5636363636,41644.072727272694,41804.581818181789
WI,Wind,0.0,0.0,0.0,0.0,0.0,0.0,0.0,0.0,0.0,0.0
WV,Biomass,11162.933333333232,10970.848484848393,10778.763636363554,10586.678787878715,10394.593939393875,10202.509090909036,10010.424242424197,9818.3393939393573,9626.2545454545179,9434.1696969696786
WV,Coal,645347.73333334178,675330.86666667461,705314.00000000745,735297.13333334029,765280.26666667312,795263.40000000596,825246.5333333388,855229.66666667163,885212.79999999702,915195.93333332986
WV,Ethenol,0.0,0.0,0.0,0.0,0.0,0.0,0.0,0.0,0.0,0.0
WV,Geothermal,0.0,0.0,0.0,0.0,0.0,0.0,0.0,0.0,0.0,0.0
WV,Hydropower,9366.3333333333139,9296.1939393939101,9226.0545454545063,9155.9151515151025,9085.7757575757278,9015.6363636363239,8945.4969696969201,8875.3575757575454,8805.2181818181416,8735.0787878787378
WV,Natural Gas,182465.13333333284,184761.84848484863,187058.56363636348,189355.27878787834,191651.99393939413,193948.70909090899,196245.42424242385,198542.13939393871,200838.85454545449,203135.56969696935
WV,Nuclear Energy,0.0,0.0,0.0,0.0,0.0,0.0,0.0,0.0,0.0,0.0
WV,Petroleum,150086.06666666735,152341.3696969701,154596.67272727285,156851.97575757653,159107.27878787927,161362.58181818202,163617.88484848477,165873.18787878845,168128.4909090912,170383.79393939395
WV,Solar,0.0,0.0,0.0,0.0,0.0,0.0,0.0,0.0,0.0,0.0
WV,Total Consumption,1009591.1333333477,1043671.9757575765,1077752.8181818202,1111833.6606060639,1145914.5030303076,1179995.3454545513,1214076.187878795,1248157.0303030387,1282237.8727272674,1316318.7151515111
WV,Wood and Waste,11162.933333333232,10970.848484848393,10778.763636363554,10586.678787878715,10394.593939393875,10202.509090909036,10010.424242424197,9818.3393939393573,9626.2545454545179,9434.1696969696786
WV,Wind,0.0,0.0,0.0,0.0,0.0,0.0,0.0,0.0,0.0,0.0
WY,Biomass,1495.1999999999998,1492.909090909091,1490.6181818181822,1488.3272727272733,1486.0363636363636,1483.7454545454548,1481.454545454546,1479.1636363636371,1476.8727272727283,1474.5818181818186
WY,Coal,55009.266666667536,58880.278787879273,62751.290909091011,66622.303030303679,70493.315151515417,74364.327272727154,78235.339393939823,82106.35151515156,85977.363636363298,89848.375757575035
WY,Ethenol,0.0,0.0,0.0,0.0,0.0,0.0,0.0,0.0,0.0,0.0
WY,Geothermal,0.0,0.0,0.0,0.0,0.0,0.0,0.0,0.0,0.0,0.0
WY,Hydropower,10972.333333333489,11322.557575757732,11672.781818181975,12023.006060606218,12373.230303030345,12723.454545454588,13073.678787878831,13423.903030303074,13774.127272727317,14124.35151515156
WY,Natural Gas,83234.933333333582,86680.321212121285,90125.709090908989,93571.096969696693,97016.484848484397,100461.8727272721,103907.26060606074,107352.64848484844,110798.03636363614,114243.42424242385
WY,Nuclear Energy,0.0,0.0,0.0,0.0,0.0,0.0,0.0,0.0,0.0,0.0
WY,Petroleum,105923.7333333334,108840.86666666716,111758.0,114675.13333333377,117592.2666666666,120509.40000000037,123426.53333333321,126343.66666666605,129260.79999999981,132177.93333333265
WY,Solar,0.0,0.0,0.0,0.0,0.0,0.0,0.0,0.0,0.0,0.0
WY,Total Consumption,258130.66666666791,268709.84242424369,279289.01818181947,289868.19393939525,300447.3696969673,311026.54545454308,321605.72121211886,332184.89696969464,342764.07272727042,353343.2484848462
WY,Wood and Waste,1495.1999999999998,1492.909090909091,1490.6181818181822,1488.3272727272733,1486.0363636363636,1483.7454545454548,1481.454545454546,1479.1636363636371,1476.8727272727283,1474.5818181818186
WY,Wind,0.0,0.0,0.0,0.0,0.0,0.0,0.0,0.0,0.0,0.0
